scenario,integer_shear,reconnection,local_load,absolute_load,energy,max_abs_eigenvalue,min_abs_eigenvalue,tangent_condition
distorted current,0,edge flip,0.1,0.1,0.0097604,30.60794538980791,0.019988506613751837,1531.2772475333418
distorted current,0,edge flip,0.2,0.2,0.025144,29.098057336056797,0.02006769478359696,1449.9950118755605
distorted current,0,edge flip,0.3,0.3,0.036803,28.46483434895451,0.009688645057724979,2937.958215969409
distorted current,0,edge flip,0.4,0.4,0.043233,28.142913233590075,0.0016515194555081182,17040.618649528067
distorted current,0,edge flip,0.5,0.5,0.04521,28.037984734443768,0.0011116370654553635,25222.247085615552
distorted current,0,edge flip,0.6,0.6,0.043233,28.14291323359008,0.0016515194555095248,17040.618649513555
distorted current,0,edge flip,0.7,0.7,0.036803,28.46483434895449,0.009688645057728441,2937.958215968357
distorted current,0,edge flip,0.8,0.8,0.025144,29.098057336056797,0.02006769478359692,1449.9950118755633
distorted current,0,edge flip,0.9,0.9,0.0097604,30.60794538980789,0.019988506613751345,1531.2772475333786
distorted current,0,no reconnection,0.1,0.1,0.0097604,30.60794538980791,0.019988506613751837,1531.2772475333418
distorted current,0,no reconnection,0.2,0.2,0.025144,29.098057336056797,0.02006769478359696,1449.9950118755605
distorted current,0,no reconnection,0.3,0.3,0.036803,28.46483434895451,0.009688645057724979,2937.958215969409
distorted current,0,no reconnection,0.4,0.4,0.043233,28.142913233590075,0.0016515194555081182,17040.618649528067
distorted current,0,no reconnection,0.5,0.5,0.04521,28.037984734443768,0.0011116370654553635,25222.247085615552
distorted current,0,no reconnection,0.6,0.6,0.043233,28.14291323359008,0.0016515194555095248,17040.618649513555
distorted current,0,no reconnection,0.7,0.7,0.036803,28.46483434895449,0.009688645057728441,2937.958215968357
distorted current,0,no reconnection,0.8,0.8,0.025144,29.098057336056797,0.02006769478359692,1449.9950118755633
distorted current,0,no reconnection,0.9,0.9,0.0097604,30.60794538980789,0.019988506613751345,1531.2772475333786
distorted current,2,edge flip,0.1,2.1,0.0097604,30.60794538980791,0.019988506613751837,1531.2772475333418
distorted current,2,edge flip,0.2,2.2,0.025144,29.098057336056797,0.02006769478359696,1449.9950118755605
distorted current,2,edge flip,0.3,2.3,0.036803,28.46483434895451,0.009688645057724979,2937.958215969409
distorted current,2,edge flip,0.4,2.4,0.043233,28.142913233590075,0.0016515194555081182,17040.618649528067
distorted current,2,edge flip,0.5,2.5,0.04521,28.037984734443768,0.0011116370654553635,25222.247085615552
distorted current,2,edge flip,0.6,2.6,0.043233,28.14291323359008,0.0016515194555095248,17040.618649513555
distorted current,2,edge flip,0.7,2.7,0.036803,28.46483434895449,0.009688645057728441,2937.958215968357
distorted current,2,edge flip,0.8,2.8,0.025144,29.098057336056797,0.02006769478359692,1449.9950118755633
distorted current,2,edge flip,0.9,2.9,0.0097604,30.60794538980789,0.019988506613751345,1531.2772475333786
distorted current,2,no reconnection,0.1,2.1,0.0097604,73.89973286706467,0.011142647353546904,6632.152173741823
distorted current,2,no reconnection,0.2,2.2,0.025144,73.90636082827535,0.010135840933989736,7291.586490908342
distorted current,2,no reconnection,0.3,2.3,0.036803,77.590079985207,0.0041773379789986015,18574.04892189428
distorted current,2,no reconnection,0.4,2.4,0.043233,83.7096568037839,0.0006075648060114662,137778.97596360132
distorted current,2,no reconnection,0.5,2.5,0.04521,91.41765516741573,0.00035404789259692126,258207.03096655203
distorted current,2,no reconnection,0.6,2.6,0.043233,99.95163987902279,0.0004760884827118952,209943.41074935958
distorted current,2,no reconnection,0.7,2.7,0.036803,108.7011354262943,0.0026098256223678075,41650.72734923699
distorted current,2,no reconnection,0.8,2.8,0.025144,117.60650436986043,0.005150798082702265,22832.676117670777
distorted current,2,no reconnection,0.9,2.9,0.0097604,129.01100141607083,0.004982668888726444,25891.947527953373
distorted current,5,edge flip,0.1,5.1,0.0097604,30.60794538980791,0.019988506613751837,1531.2772475333418
distorted current,5,edge flip,0.2,5.2,0.025144,29.098057336056797,0.02006769478359696,1449.9950118755605
distorted current,5,edge flip,0.3,5.3,0.036803,28.46483434895451,0.009688645057724979,2937.958215969409
distorted current,5,edge flip,0.4,5.4,0.043233,28.142913233590075,0.0016515194555081182,17040.618649528067
distorted current,5,edge flip,0.5,5.5,0.04521,28.037984734443768,0.0011116370654553635,25222.247085615552
distorted current,5,edge flip,0.6,5.6,0.043233,28.14291323359008,0.0016515194555095248,17040.618649513555
distorted current,5,edge flip,0.7,5.7,0.036803,28.46483434895449,0.009688645057728441,2937.958215968357
distorted current,5,edge flip,0.8,5.8,0.025144,29.098057336056797,0.02006769478359692,1449.9950118755633
distorted current,5,edge flip,0.9,5.9,0.0097604,30.60794538980789,0.019988506613751345,1531.2772475333786
distorted current,5,no reconnection,0.1,5.1,0.0097604,403.79839949000404,0.0019772226187906726,204225.05571829792
distorted current,5,no reconnection,0.2,5.2,0.025144,404.09275281006245,0.0018572966899279809,217570.383343402
distorted current,5,no reconnection,0.3,5.3,0.036803,409.205710270836,0.0008141431050950757,502621.3545382159
distorted current,5,no reconnection,0.4,5.4,0.043233,420.9587179187206,0.00012551710599271622,3353795.600921112
distorted current,5,no reconnection,0.5,5.5,0.04521,440.0757030502279,7.739948560293564e-05,5685770.3849331075
distorted current,5,no reconnection,0.6,5.6,0.043233,464.9972710368192,0.00010983196060522404,4233715.472932221
distorted current,5,no reconnection,0.7,5.7,0.036803,492.38434741880576,0.0006293460394475924,782374.5865644844
distorted current,5,no reconnection,0.8,5.8,0.025144,518.4743437591773,0.0012853950857079168,403357.9632628153
distorted current,5,no reconnection,0.9,5.9,0.0097604,542.6267399660719,0.0012767154316072062,425017.7655352538
distorted current,10,edge flip,0.1,10.1,0.0097604,30.60794538980791,0.019988506613751837,1531.2772475333418
distorted current,10,edge flip,0.2,10.2,0.025144,29.098057336056797,0.02006769478359696,1449.9950118755605
distorted current,10,edge flip,0.3,10.3,0.036803,28.46483434895451,0.009688645057724979,2937.958215969409
distorted current,10,edge flip,0.4,10.4,0.043233,28.142913233590075,0.0016515194555081182,17040.618649528067
distorted current,10,edge flip,0.5,10.5,0.04521,28.037984734443768,0.0011116370654553635,25222.247085615552
distorted current,10,edge flip,0.6,10.6,0.043233,28.14291323359008,0.0016515194555095248,17040.618649513555
distorted current,10,edge flip,0.7,10.7,0.036803,28.46483434895449,0.009688645057728441,2937.958215968357
distorted current,10,edge flip,0.8,10.8,0.025144,29.098057336056797,0.02006769478359692,1449.9950118755633
distorted current,10,edge flip,0.9,10.9,0.0097604,30.60794538980789,0.019988506613751345,1531.2772475333786
distorted current,10,no reconnection,0.1,10.1,0.0097604,1662.0947082978655,0.00046510250816401576,3573609.428293466
distorted current,10,no reconnection,0.2,10.2,0.025144,1655.7658498520595,0.000444838727869469,3722171.0838493323
distorted current,10,no reconnection,0.3,10.3,0.036803,1648.5513997552966,0.00020126878619305908,8190795.159732265
distorted current,10,no reconnection,0.4,10.4,0.043233,1656.1179308399437,3.205587383054414e-05,51663477.950862385
distorted current,10,no reconnection,0.5,10.5,0.04521,1688.4205660830207,2.0419508281078602e-05,82686641.75657783
distorted current,10,no reconnection,0.6,10.6,0.043233,1745.2330558176027,2.98761349946379e-05,58415623.57817814
distorted current,10,no reconnection,0.7,10.7,0.036803,1816.3866396754468,0.0001757438843972723,10335418.759548247
distorted current,10,no reconnection,0.8,10.8,0.025144,1885.8293187057798,0.00036668163473398195,5142960.923237675
distorted current,10,no reconnection,0.9,10.9,0.0097604,1940.1376043779417,0.0003696671600636729,5248336.379254692
distorted reference,0,edge flip,0.1,0.1,0.0097604,30.60794538980791,0.019988506613751837,1531.2772475333418
distorted reference,0,edge flip,0.2,0.2,0.025144,29.098057336056797,0.02006769478359696,1449.9950118755605
distorted reference,0,edge flip,0.3,0.3,0.036803,28.46483434895451,0.009688645057724979,2937.958215969409
distorted reference,0,edge flip,0.4,0.4,0.043233,28.142913233590075,0.0016515194555081182,17040.618649528067
distorted reference,0,edge flip,0.5,0.5,0.04521,28.037984734443768,0.0011116370654553635,25222.247085615552
distorted reference,0,edge flip,0.6,0.6,0.043233,28.14291323359008,0.0016515194555095248,17040.618649513555
distorted reference,0,edge flip,0.7,0.7,0.036803,28.46483434895449,0.009688645057728441,2937.958215968357
distorted reference,0,edge flip,0.8,0.8,0.025144,29.098057336056797,0.02006769478359692,1449.9950118755633
distorted reference,0,edge flip,0.9,0.9,0.0097604,30.60794538980789,0.019988506613751345,1531.2772475333786
distorted reference,0,no reconnection,0.1,0.1,0.0097604,30.60794538980791,0.019988506613751837,1531.2772475333418
distorted reference,0,no reconnection,0.2,0.2,0.025144,29.098057336056797,0.02006769478359696,1449.9950118755605
distorted reference,0,no reconnection,0.3,0.3,0.036803,28.46483434895451,0.009688645057724979,2937.958215969409
distorted reference,0,no reconnection,0.4,0.4,0.043233,28.142913233590075,0.0016515194555081182,17040.618649528067
distorted reference,0,no reconnection,0.5,0.5,0.04521,28.037984734443768,0.0011116370654553635,25222.247085615552
distorted reference,0,no reconnection,0.6,0.6,0.043233,28.14291323359008,0.0016515194555095248,17040.618649513555
distorted reference,0,no reconnection,0.7,0.7,0.036803,28.46483434895449,0.009688645057728441,2937.958215968357
distorted reference,0,no reconnection,0.8,0.8,0.025144,29.098057336056797,0.02006769478359692,1449.9950118755633
distorted reference,0,no reconnection,0.9,0.9,0.0097604,30.60794538980789,0.019988506613751345,1531.2772475333786
distorted reference,2,edge flip,0.1,0.1,0.0097604,30.607945389807917,0.019988506613748423,1531.2772475336035
distorted reference,2,edge flip,0.2,0.2,0.025144,29.09805733605678,0.020067694783594613,1449.9950118757292
distorted reference,2,edge flip,0.3,0.3,0.036803,28.464834348954447,0.009688645057729374,2937.9582159680695
distorted reference,2,edge flip,0.4,0.4,0.043233,28.14291323359005,0.001651519455507067,17040.618649538897
distorted reference,2,edge flip,0.5,0.5,0.04521,28.037984734443768,0.0011116370654498057,25222.247085741656
distorted reference,2,edge flip,0.6,0.6,0.043233,28.142913233590065,0.001651519455505049,17040.61864955973
distorted reference,2,edge flip,0.7,0.7,0.036803,28.464834348954497,0.009688645057723596,2937.958215969827
distorted reference,2,edge flip,0.8,0.8,0.025144,29.098057336056826,0.02006769478360042,1449.9950118753118
distorted reference,2,edge flip,0.9,0.9,0.0097604,30.607945389807863,0.019988506613752625,1531.277247533279
distorted reference,2,no reconnection,0.1,0.1,0.0097604,30.607945389807917,0.019988506613748423,1531.2772475336035
distorted reference,2,no reconnection,0.2,0.2,0.025144,29.09805733605678,0.020067694783594613,1449.9950118757292
distorted reference,2,no reconnection,0.3,0.3,0.036803,28.464834348954447,0.009688645057729374,2937.9582159680695
distorted reference,2,no reconnection,0.4,0.4,0.043233,28.14291323359005,0.001651519455507067,17040.618649538897
distorted reference,2,no reconnection,0.5,0.5,0.04521,28.037984734443768,0.0011116370654498057,25222.247085741656
distorted reference,2,no reconnection,0.6,0.6,0.043233,28.142913233590065,0.001651519455505049,17040.61864955973
distorted reference,2,no reconnection,0.7,0.7,0.036803,28.464834348954497,0.009688645057723596,2937.958215969827
distorted reference,2,no reconnection,0.8,0.8,0.025144,29.098057336056826,0.02006769478360042,1449.9950118753118
distorted reference,2,no reconnection,0.9,0.9,0.0097604,30.607945389807863,0.019988506613752625,1531.277247533279
distorted reference,5,edge flip,0.1,0.1,0.0097604,30.607945389806005,0.0199885066137662,1531.277247532146
distorted reference,5,edge flip,0.2,0.2,0.025144,29.098057336059128,0.02006769478354221,1449.9950118796326
distorted reference,5,edge flip,0.3,0.3,0.036803,28.46483434895209,0.00968864505774379,2937.9582159634547
distorted reference,5,edge flip,0.4,0.4,0.043233,28.142913233591813,0.0016515194555077376,17040.618649533044
distorted reference,5,edge flip,0.5,0.5,0.04521,28.037984734442865,0.0011116370654396964,25222.24708597022
distorted reference,5,edge flip,0.6,0.6,0.043233,28.14291323359241,0.0016515194555165125,17040.618649442866
distorted reference,5,edge flip,0.7,0.7,0.036803,28.464834348949097,0.009688645057733355,2937.95821596631
distorted reference,5,edge flip,0.8,0.8,0.025144,29.098057336058545,0.020067694783584354,1449.9950118765585
distorted reference,5,edge flip,0.9,0.9,0.0097604,30.60794538980958,0.019988506613722836,1531.277247535647
distorted reference,5,no reconnection,0.1,0.1,0.0097604,30.607945389806005,0.0199885066137662,1531.277247532146
distorted reference,5,no reconnection,0.2,0.2,0.025144,29.098057336059128,0.02006769478354221,1449.9950118796326
distorted reference,5,no reconnection,0.3,0.3,0.036803,28.46483434895209,0.00968864505774379,2937.9582159634547
distorted reference,5,no reconnection,0.4,0.4,0.043233,28.142913233591813,0.0016515194555077376,17040.618649533044
distorted reference,5,no reconnection,0.5,0.5,0.04521,28.037984734442865,0.0011116370654396964,25222.24708597022
distorted reference,5,no reconnection,0.6,0.6,0.043233,28.14291323359241,0.0016515194555165125,17040.618649442866
distorted reference,5,no reconnection,0.7,0.7,0.036803,28.464834348949097,0.009688645057733355,2937.95821596631
distorted reference,5,no reconnection,0.8,0.8,0.025144,29.098057336058545,0.020067694783584354,1449.9950118765585
distorted reference,5,no reconnection,0.9,0.9,0.0097604,30.60794538980958,0.019988506613722836,1531.277247535647
distorted reference,10,edge flip,0.1,0.1,0.0097604,30.60794538979775,0.019988506613590522,1531.2772475451914
distorted reference,10,edge flip,0.2,0.2,0.025144,29.098057336048463,0.020067694783704786,1449.9950118673542
distorted reference,10,edge flip,0.3,0.3,0.036803,28.464834348941814,0.009688645057486294,2937.9582160404766
distorted reference,10,edge flip,0.4,0.4,0.043233,28.14291323357369,0.00165151945567671,17040.61864777859
distorted reference,10,edge flip,0.5,0.5,0.04521,28.037984734490976,0.0011116370655371835,25222.247083801583
distorted reference,10,edge flip,0.6,0.6,0.043233,28.14291323354146,0.0016515194553764069,17040.618650857647
distorted reference,10,edge flip,0.7,0.7,0.036803,28.46483434895113,0.009688645057699426,2937.9582159768083
distorted reference,10,edge flip,0.8,0.8,0.025144,29.098057336064755,0.02006769478361417,1449.9950118747136
distorted reference,10,edge flip,0.9,0.9,0.0097604,30.607945389759053,0.01998850661403312,1531.277247509349
distorted reference,10,no reconnection,0.1,0.1,0.0097604,30.60794538979775,0.019988506613590522,1531.2772475451914
distorted reference,10,no reconnection,0.2,0.2,0.025144,29.098057336048463,0.020067694783704786,1449.9950118673542
distorted reference,10,no reconnection,0.3,0.3,0.036803,28.464834348941814,0.009688645057486294,2937.9582160404766
distorted reference,10,no reconnection,0.4,0.4,0.043233,28.14291323357369,0.00165151945567671,17040.61864777859
distorted reference,10,no reconnection,0.5,0.5,0.04521,28.037984734490976,0.0011116370655371835,25222.247083801583
distorted reference,10,no reconnection,0.6,0.6,0.043233,28.14291323354146,0.0016515194553764069,17040.618650857647
distorted reference,10,no reconnection,0.7,0.7,0.036803,28.46483434895113,0.009688645057699426,2937.9582159768083
distorted reference,10,no reconnection,0.8,0.8,0.025144,29.098057336064755,0.02006769478361417,1449.9950118747136
distorted reference,10,no reconnection,0.9,0.9,0.0097604,30.607945389759053,0.01998850661403312,1531.277247509349
