label,load,energy_mean,median_max_abs_eigenvalue,median_condition
"simple shear, edge flip",0.1,0.0097604,30.60794538980791,1531.2772475333418
"simple shear, edge flip",0.2,0.025144,29.098057336056797,1449.9950118755605
"simple shear, edge flip",0.3,0.036803,28.46483434895451,2937.958215969409
"simple shear, edge flip",0.4,0.043232999999999994,28.142913233590075,17040.618649528067
"simple shear, edge flip",0.5,0.04521,28.037984734443768,25222.247085615552
"simple shear, edge flip",0.6,0.043232999999999994,28.14291323359008,17040.618649513555
"simple shear, edge flip",0.7,0.036803,28.46483434895449,2937.958215968357
"simple shear, edge flip",0.8,0.025144,29.098057336056797,1449.9950118755633
"simple shear, edge flip",0.9,0.0097604,30.60794538980789,1531.2772475333786
"simple shear, edge flip",1.0,-2.7138333333333336e-16,36.06513600752701,1.0387813814552098e+16
"simple shear, edge flip",1.1,0.0097604,30.60794538980791,1531.2772475333418
"simple shear, edge flip",1.2,0.025144,29.098057336056797,1449.9950118755605
"simple shear, edge flip",1.3,0.036803,28.46483434895451,2937.958215969409
"simple shear, edge flip",1.4,0.043232999999999994,28.142913233590075,17040.618649528067
"simple shear, edge flip",1.5,0.04521,28.037984734443768,25222.247085615552
"simple shear, edge flip",1.6,0.043232999999999994,28.14291323359008,17040.618649513555
"simple shear, edge flip",1.7,0.036803,28.46483434895449,2937.958215968357
"simple shear, edge flip",1.8,0.025144,29.098057336056797,1449.9950118755633
"simple shear, edge flip",1.9,0.0097604,30.60794538980789,1531.2772475333786
"simple shear, edge flip",2.0,-2.097072222222222e-16,36.0651360075269,9117564195404426.0
"simple shear, edge flip",2.1,0.0097604,30.60794538980791,1531.2772475333418
"simple shear, edge flip",2.2,0.025144,29.098057336056797,1449.9950118755605
"simple shear, edge flip",2.3,0.036803,28.46483434895451,2937.958215969409
"simple shear, edge flip",2.4,0.043232999999999994,28.142913233590075,17040.618649528067
"simple shear, edge flip",2.5,0.04521,28.037984734443768,25222.247085615552
"simple shear, edge flip",2.6,0.043232999999999994,28.14291323359008,17040.618649513555
"simple shear, edge flip",2.7,0.036803,28.46483434895449,2937.958215968357
"simple shear, edge flip",2.8,0.025144,29.098057336056797,1449.9950118755633
"simple shear, edge flip",2.9,0.0097604,30.60794538980789,1531.2772475333786
"simple shear, edge flip",3.0,-1.3569111111111112e-16,36.0651360075269,1.0387813814552098e+16
"simple shear, edge flip",3.1,0.0097604,30.60794538980791,1531.2772475333418
"simple shear, edge flip",3.2,0.025144,29.098057336056797,1449.9950118755605
"simple shear, edge flip",3.3,0.036803,28.46483434895451,2937.958215969409
"simple shear, edge flip",3.4,0.043232999999999994,28.142913233590075,17040.618649528067
"simple shear, edge flip",3.5,0.04521,28.037984734443768,25222.247085615552
"simple shear, edge flip",3.6,0.043232999999999994,28.14291323359008,17040.618649513555
"simple shear, edge flip",3.7,0.036803,28.46483434895449,2937.958215968357
"simple shear, edge flip",3.8,0.025144,29.098057336056797,1449.9950118755633
"simple shear, edge flip",3.9,0.0097604,30.60794538980789,1531.2772475333786
"simple shear, edge flip",4.0,-2.2204e-16,36.06513600752681,1.39605573681738e+16
"simple shear, edge flip",4.1,0.0097604,30.60794538980791,1531.2772475333418
"simple shear, edge flip",4.2,0.025144,29.098057336056797,1449.9950118755605
"simple shear, edge flip",4.3,0.036803,28.46483434895451,2937.958215969409
"simple shear, edge flip",4.4,0.043232999999999994,28.142913233590075,17040.618649528067
"simple shear, edge flip",4.5,0.04521,28.037984734443768,25222.247085615552
"simple shear, edge flip",4.6,0.043232999999999994,28.14291323359008,17040.618649513555
"simple shear, edge flip",4.7,0.036803,28.46483434895449,2937.958215968357
"simple shear, edge flip",4.8,0.025144,29.098057336056797,1449.9950118755633
"simple shear, edge flip",4.9,0.0097604,30.60794538980789,1531.2772475333786
"simple shear, edge flip",5.0,-2.2204e-16,36.06513600752701,1.0387813814552098e+16
"simple shear, edge flip",5.1,0.0097604,30.60794538980791,1531.2772475333418
"simple shear, edge flip",5.2,0.025144,29.098057336056797,1449.9950118755605
"simple shear, edge flip",5.3,0.036803,28.46483434895451,2937.958215969409
"simple shear, edge flip",5.4,0.043232999999999994,28.142913233590075,17040.618649528067
"simple shear, edge flip",5.5,0.04521,28.037984734443768,25222.247085615552
"simple shear, edge flip",5.6,0.043232999999999994,28.14291323359008,17040.618649513555
"simple shear, edge flip",5.7,0.036803,28.46483434895449,2937.958215968357
"simple shear, edge flip",5.8,0.025144,29.098057336056797,1449.9950118755633
"simple shear, edge flip",5.9,0.0097604,30.60794538980789,1531.2772475333786
"simple shear, edge flip",6.0,-2.2204e-16,36.06513600752701,1.0387813814552098e+16
"simple shear, edge flip",6.1,0.0097604,30.60794538980791,1531.2772475333418
"simple shear, edge flip",6.2,0.025144,29.098057336056797,1449.9950118755605
"simple shear, edge flip",6.3,0.036803,28.46483434895451,2937.958215969409
"simple shear, edge flip",6.4,0.043232999999999994,28.142913233590075,17040.618649528067
"simple shear, edge flip",6.5,0.04521,28.037984734443768,25222.247085615552
"simple shear, edge flip",6.6,0.043232999999999994,28.14291323359008,17040.618649513555
"simple shear, edge flip",6.7,0.036803,28.46483434895449,2937.958215968357
"simple shear, edge flip",6.8,0.025144,29.098057336056797,1449.9950118755633
"simple shear, edge flip",6.9,0.0097604,30.60794538980789,1531.2772475333786
"simple shear, edge flip",7.0,-1.2335555555555557e-16,36.06513600752701,1.0387813814552098e+16
"simple shear, edge flip",7.1,0.0097604,30.60794538980791,1531.2772475333418
"simple shear, edge flip",7.2,0.025144,29.098057336056797,1449.9950118755605
"simple shear, edge flip",7.3,0.036803,28.46483434895451,2937.958215969409
"simple shear, edge flip",7.4,0.043232999999999994,28.142913233590075,17040.618649528067
"simple shear, edge flip",7.5,0.04521,28.037984734443768,25222.247085615552
"simple shear, edge flip",7.6,0.043232999999999994,28.14291323359008,17040.618649513555
"simple shear, edge flip",7.7,0.036803,28.46483434895449,2937.958215968357
"simple shear, edge flip",7.8,0.025144,29.098057336056797,1449.9950118755633
"simple shear, edge flip",7.9,0.0097604,30.60794538980789,1531.2772475333786
"simple shear, edge flip",8.0,-7.401333333333334e-17,36.06513600752701,1.0387813814552098e+16
"simple shear, edge flip",8.1,0.0097604,30.60794538980791,1531.2772475333418
"simple shear, edge flip",8.2,0.025144,29.098057336056797,1449.9950118755605
"simple shear, edge flip",8.3,0.036803,28.46483434895451,2937.958215969409
"simple shear, edge flip",8.4,0.043232999999999994,28.142913233590075,17040.618649528067
"simple shear, edge flip",8.5,0.04521,28.037984734443768,25222.247085615552
"simple shear, edge flip",8.6,0.043232999999999994,28.14291323359008,17040.618649513555
"simple shear, edge flip",8.7,0.036803,28.46483434895449,2937.958215968357
"simple shear, edge flip",8.8,0.025144,29.098057336056797,1449.9950118755633
"simple shear, edge flip",8.9,0.0097604,30.60794538980789,1531.2772475333786
"simple shear, edge flip",9.0,-1.4803e-16,36.06513600752701,1.0387813814552098e+16
"simple shear, edge flip",9.1,0.0097604,30.60794538980791,1531.2772475333418
"simple shear, edge flip",9.2,0.025144,29.098057336056797,1449.9950118755605
"simple shear, edge flip",9.3,0.036803,28.46483434895451,2937.958215969409
"simple shear, edge flip",9.4,0.043232999999999994,28.142913233590075,17040.618649528067
"simple shear, edge flip",9.5,0.04521,28.037984734443768,25222.247085615552
"simple shear, edge flip",9.6,0.043232999999999994,28.14291323359008,17040.618649513555
"simple shear, edge flip",9.7,0.036803,28.46483434895449,2937.958215968357
"simple shear, edge flip",9.8,0.025144,29.098057336056797,1449.9950118755633
"simple shear, edge flip",9.9,0.0097604,30.60794538980789,1531.2772475333786
"simple shear, edge flip",10.0,-4.4409e-16,36.06513600752701,1.0387813814552098e+16
"simple shear, edge flip",10.1,0.0097604,30.60794538980791,1531.2772475333418
"simple shear, edge flip",10.2,0.025144,29.098057336056797,1449.9950118755605
"simple shear, edge flip",10.3,0.036803,28.46483434895451,2937.958215969409
"simple shear, edge flip",10.4,0.043232999999999994,28.142913233590075,17040.618649528067
"simple shear, edge flip",10.5,0.04521,28.037984734443768,25222.247085615552
"simple shear, edge flip",10.6,0.043232999999999994,28.14291323359008,17040.618649513555
"simple shear, edge flip",10.7,0.036803,28.46483434895449,2937.958215968357
"simple shear, edge flip",10.8,0.025144,29.098057336056797,1449.9950118755633
"simple shear, edge flip",10.9,0.0097604,30.60794538980789,1531.2772475333786
"simple shear, edge flip",11.0,-1.4802999999999999e-16,36.06513600752701,1.0387813814552098e+16
"simple shear, edge flip",11.1,0.0097604,30.60794538980791,1531.2772475333418
"simple shear, edge flip",11.2,0.025144,29.098057336056797,1449.9950118755605
"simple shear, edge flip",11.3,0.036803,28.46483434895451,2937.958215969409
"simple shear, edge flip",11.4,0.043232999999999994,28.142913233590075,17040.618649528067
"simple shear, edge flip",11.5,0.04521,28.037984734443768,25222.247085615552
"simple shear, no reconnection",0.1,0.0097604,30.60794538980791,1531.2772475333418
"simple shear, no reconnection",0.2,0.025144,29.098057336056797,1449.9950118755605
"simple shear, no reconnection",0.3,0.036803,28.46483434895451,2937.958215969409
"simple shear, no reconnection",0.4,0.043232999999999994,28.142913233590075,17040.618649528067
"simple shear, no reconnection",0.5,0.04521,28.037984734443768,25222.247085615552
"simple shear, no reconnection",0.6,0.043232999999999994,28.14291323359008,17040.618649513555
"simple shear, no reconnection",0.7,0.036803,28.46483434895449,2937.958215968357
"simple shear, no reconnection",0.8,0.025144,29.098057336056797,1449.9950118755633
"simple shear, no reconnection",0.9,0.0097604,30.60794538980789,1531.2772475333786
"simple shear, no reconnection",1.0,-2.7138333333333336e-16,36.06513600752701,1.0387813814552098e+16
"simple shear, no reconnection",1.1,0.0097604,34.749189785381944,1602.2971041569863
"simple shear, no reconnection",1.2,0.025144,35.43689870081084,1779.8916910562982
"simple shear, no reconnection",1.3,0.036803,37.21072283756112,4441.632232384345
"simple shear, no reconnection",1.4,0.043232999999999994,39.7913055485742,32179.420074705966
"simple shear, no reconnection",1.5,0.04521,42.956697165450564,59338.09347395878
"simple shear, no reconnection",1.6,0.043232999999999994,46.49932285630224,48146.24023601701
"simple shear, no reconnection",1.7,0.036803,50.322862068827654,9596.366985066403
"simple shear, no reconnection",1.8,0.025144,54.78417122871414,5336.288589566373
"simple shear, no reconnection",1.9,0.0097604,61.98710352812728,6297.1166958323665
"simple shear, no reconnection",2.0,-2.097072222222222e-16,80.94069729691441,6645247476750383.0
"simple shear, no reconnection",2.1,0.0097604,73.89973286706467,6632.152173741823
"simple shear, no reconnection",2.2,0.025144,73.90636082827535,7291.586490908342
"simple shear, no reconnection",2.3,0.036803,77.590079985207,18574.04892189428
"simple shear, no reconnection",2.4,0.043232999999999994,83.7096568037839,137778.97596360132
"simple shear, no reconnection",2.5,0.04521,91.41765516741573,258207.03096655203
"simple shear, no reconnection",2.6,0.043232999999999994,99.95163987902279,209943.41074935958
"simple shear, no reconnection",2.7,0.036803,108.7011354262943,41650.72734923699
"simple shear, no reconnection",2.8,0.025144,117.60650436986043,22832.676117670777
"simple shear, no reconnection",2.9,0.0097604,129.01100141607083,25891.947527953373
"simple shear, no reconnection",3.0,-1.7269833333333334e-16,157.29456412650413,3397143269155716.5
"simple shear, no reconnection",3.1,0.0097604,148.42556817191857,26846.977121303753
"simple shear, no reconnection",3.2,0.025144,148.5278896661457,29153.376097905377
"simple shear, no reconnection",3.3,0.036803,153.41805356394173,71232.30697907895
"simple shear, no reconnection",3.4,0.043232999999999994,162.1980599181058,505759.5083993257
"simple shear, no reconnection",3.5,0.04521,174.0869484897391,910202.7161657755
"simple shear, no reconnection",3.6,0.043232999999999994,187.88845699052712,714072.3923249737
"simple shear, no reconnection",3.7,0.036803,202.2239099652004,137605.974923413
"simple shear, no reconnection",3.8,0.025144,216.1464016299421,73467.40020454495
"simple shear, no reconnection",3.9,0.0097604,231.4760244266757,80401.02018485266
"simple shear, no reconnection",4.0,-2.2204e-16,266.64562760887486,1.5856482421610694e+16
"simple shear, no reconnection",4.1,0.0097604,258.3955729469922,82569.30795482818
"simple shear, no reconnection",4.2,0.025144,258.72246414696036,88719.63225641694
"simple shear, no reconnection",4.3,0.036803,264.0891979968198,209679.92137617723
"simple shear, no reconnection",4.4,0.043232999999999994,274.7098376164995,1435426.552183399
"simple shear, no reconnection",4.5,0.04521,290.374332214869,2495348.680556002
"simple shear, no reconnection",4.6,0.043232999999999994,309.6291584839059,1899678.0501982837
"simple shear, no reconnection",4.7,0.036803,330.1746261828487,357384.66759317514
"simple shear, no reconnection",4.8,0.025144,349.81542870308664,186984.03917226085
"simple shear, no reconnection",4.9,0.0097604,369.348680439278,200012.50791564916
"simple shear, no reconnection",5.0,-1.7269777777777778e-16,410.17900948424756,1.7449259793669138e+16
"simple shear, no reconnection",5.1,0.0097604,403.79839949000404,204225.05571829792
"simple shear, no reconnection",5.2,0.025144,404.09275281006245,217570.383343402
"simple shear, no reconnection",5.3,0.036803,409.205710270836,502621.3545382159
"simple shear, no reconnection",5.4,0.043232999999999994,420.9587179187206,3353795.600921112
"simple shear, no reconnection",5.5,0.04521,440.0757030502279,5685770.3849331075
"simple shear, no reconnection",5.6,0.043232999999999994,464.9972710368192,4233715.472932221
"simple shear, no reconnection",5.7,0.036803,492.38434741880576,782374.5865644844
"simple shear, no reconnection",5.8,0.025144,518.4743437591773,403357.9632628153
"simple shear, no reconnection",5.9,0.0097604,542.6267399660719,425017.7655352538
"simple shear, no reconnection",6.0,-1.4802666666666669e-16,588.4951724002724,2.579456599216738e+16
"simple shear, no reconnection",6.1,0.0097604,584.6248287340006,432343.10724921274
"simple shear, no reconnection",6.2,0.025144,584.5001337736646,457512.2551189937
"simple shear, no reconnection",6.3,0.036803,588.6248483109564,1040211.9168863834
"simple shear, no reconnection",6.4,0.043232999999999994,600.8405836132008,6815630.483658194
"simple shear, no reconnection",6.5,0.04521,623.1232549131714,11345681.626349783
"simple shear, no reconnection",6.6,0.043232999999999994,653.9409182579969,8310891.6516031325
"simple shear, no reconnection",6.7,0.036803,688.8050499843791,1515413.7361844475
"simple shear, no reconnection",6.8,0.025144,722.0827510961318,772790.2666812374
"simple shear, no reconnection",6.9,0.0097604,751.3114843044016,805810.9055451292
"simple shear, no reconnection",7.0,-7.401333333333334e-17,801.8928548184115,5555220479461413.0
"simple shear, no reconnection",7.1,0.0097604,800.869874278808,817555.0530488156
"simple shear, no reconnection",7.2,0.025144,799.8902692218323,860576.4400245481
"simple shear, no reconnection",7.3,0.036803,802.2894669349726,1934054.0907075403
"simple shear, no reconnection",7.4,0.043232999999999994,814.3129213138233,12503428.91689254
"simple shear, no reconnection",7.5,0.04521,839.4906369025205,20531361.277036104
"simple shear, no reconnection",7.6,0.043232999999999994,876.4418586879232,14853644.851589467
"simple shear, no reconnection",7.7,0.036803,919.4203519215235,2680786.234451869
"simple shear, no reconnection",7.8,0.025144,960.6265996031051,1355706.1331697921
"simple shear, no reconnection",7.9,0.0097604,995.4041737520495,1402888.6808614274
"simple shear, no reconnection",8.0,-7.401333333333334e-17,1050.526358260392,7739011523082986.0
"simple shear, no reconnection",8.1,0.0097604,1052.530813387545,1420595.1101121707
"simple shear, no reconnection",8.2,0.025144,1050.238618715096,1489017.9723428984
"simple shear, no reconnection",8.3,0.036803,1050.1733737823963,3317195.909751616
"simple shear, no reconnection",8.4,0.043232999999999994,1061.35597495109,21227415.867720183
"simple shear, no reconnection",8.5,0.04521,1089.1660941839623,34491145.38335342
"simple shear, no reconnection",8.6,0.043232999999999994,1132.4927488845615,24712138.913119286
"simple shear, no reconnection",8.7,0.036803,1184.223911634063,4424221.234271684
"simple shear, no reconnection",8.8,0.025144,1234.10034511212,2222754.39500426
"simple shear, no reconnection",8.9,0.0097604,1274.905710774738,2286850.450954209
"simple shear, no reconnection",9.0,-1.4803e-16,1334.4795215941353,1.1910809284099792e+16
"simple shear, no reconnection",9.1,0.0097604,1339.6060766618075,2312300.0975104608
"simple shear, no reconnection",9.2,0.025144,1335.5327659579034,2415315.478847485
"simple shear, no reconnection",9.3,0.036803,1332.263172726151,5344130.363511128
"simple shear, no reconnection",9.4,0.043232999999999994,1341.9595492584226,33925541.08481733
"simple shear, no reconnection",9.5,0.04521,1372.1437882785494,54665424.2406888
"simple shear, no reconnection",9.6,0.043232999999999994,1422.0903307723884,38864261.52899005
"simple shear, no reconnection",9.7,0.036803,1483.2130645678276,6912892.595835384
"simple shear, no reconnection",9.8,0.025144,1542.5016090471781,3454807.392797632
"simple shear, no reconnection",9.9,0.0097604,1589.8167127505656,3538398.169501611
"simple shear, no reconnection",10.0,-4.4409e-16,1653.8002692874472,4361761773347577.5
"simple shear, no reconnection",10.1,0.0097604,1662.0947082978655,3573609.428293466
"simple shear, no reconnection",10.2,0.025144,1655.7658498520595,3722171.0838493323
"simple shear, no reconnection",10.3,0.036803,1648.5513997552966,8190795.159732265
"simple shear, no reconnection",10.4,0.043232999999999994,1656.1179308399437,51663477.950862385
"simple shear, no reconnection",10.5,0.04521,1688.4205660830207,82686641.75657783
"simple shear, no reconnection",10.6,0.043232999999999994,1745.2330558176027,58415623.57817814
"simple shear, no reconnection",10.7,0.036803,1816.3866396754468,10335418.759548247
"simple shear, no reconnection",10.8,0.025144,1885.8293187057798,5142960.923237675
"simple shear, no reconnection",10.9,0.0097604,1940.1376043779417,5248336.379254692
"simple shear, no reconnection",11.0,-2.9605999999999997e-16,2008.5173023008924,4703803008002679.0
"simple shear, no reconnection",11.1,0.0097604,2019.996097283789,5295565.103293324
"simple shear, no reconnection",11.2,0.025144,2010.9338070400931,5502510.367565703
"simple shear, no reconnection",11.3,0.036803,1999.0336053792798,12054572.59897375
"simple shear, no reconnection",11.4,0.043232999999999994,2003.8277013267275,75634622.37218481
"simple shear, no reconnection",11.5,0.04521,2037.9946077919576,120379292.96735075
