feature,feature_label,otsu_cut,otsu_closing_count,otsu_nonclosing_count,log10_gap_at_cut,benchmark_best_orientation,lower_balanced_accuracy,higher_balanced_accuracy,best_balanced_accuracy,lower_agreement_fraction,higher_agreement_fraction,best_agreement_fraction,status,setting,setting_attribute,sample_count,forward_only_pool_count,scorable_count,reference_reversible_count,reference_irreversible_count,discarded_island_count,unlabeled_forward_count
er_sigma_s,abs(Delta E_R) abs(Delta sigma_S)/V0,2.7744365981874733e-15,228443,4663,9.737308488411145e-07,lower,0.9889689830738606,0.011031016926139366,0.9889689830738606,0.9806815132814596,0.01931848671854038,0.9806815132814596,ok,1e-07,eps_x,4,233106,22362,20473,1889,0,210744
er_sigma_r,abs(Delta E_R) abs(Delta sigma_R)/V0,2.2973967576159594e-15,228443,4663,8.501580783537577e-05,lower,0.9863967176280956,0.01360328237190446,0.9863967176280956,0.9750916733744746,0.024908326625525445,0.9750916733744746,ok,1e-07,eps_x,4,233106,22362,20473,1889,0,210744
er,abs(Delta E_R)/V0,1.526348995542795e-10,228443,4663,1.0294608419059159e-05,lower,0.9862990279880819,0.013700972011918135,0.9862990279880819,0.974912798497451,0.025087201502548968,0.974912798497451,ok,1e-07,eps_x,4,233106,22362,20473,1889,0,210744
er_over_dg,abs(Delta E_R)/(V0 Delta gamma),1.5263489955427947e-05,228443,4663,1.0294608419059159e-05,lower,0.9862990279880819,0.013700972011918135,0.9862990279880819,0.974912798497451,0.025087201502548968,0.974912798497451,ok,1e-07,eps_x,4,233106,22362,20473,1889,0,210744
er_over_dg2,abs(Delta E_R)/(V0 Delta gamma^2),1.5263489955427945,228443,4663,1.0294608419059159e-05,lower,0.9862990279880819,0.013700972011918135,0.9862990279880819,0.974912798497451,0.025087201502548968,0.974912798497451,ok,1e-07,eps_x,4,233106,22362,20473,1889,0,210744
sigma_i,abs(Delta sigma_I),2.0083534999987224e-05,228443,4663,6.487321844161897e-07,lower,0.9845846627213464,0.015415337278653646,0.9845846627213464,0.9902513192022181,0.00974868079778195,0.9902513192022181,ok,1e-07,eps_x,4,233106,22362,20473,1889,0,210744
sigma_i_over_dg,abs(Delta sigma_I)/Delta gamma,2.0083534999987225,228443,4663,6.487321845827232e-07,lower,0.9845846627213464,0.015415337278653646,0.9845846627213464,0.9902513192022181,0.00974868079778195,0.9902513192022181,ok,1e-07,eps_x,4,233106,22362,20473,1889,0,210744
sigma_r,abs(Delta sigma_R),1.506268010106148e-05,228443,4663,1.3935200801284964e-05,lower,0.9802599956243936,0.019740004375606374,0.9802599956243936,0.9739737053930776,0.02602629460692246,0.9739737053930776,ok,1e-07,eps_x,4,233106,22362,20473,1889,0,210744
sigma_r_over_dg,abs(Delta sigma_R)/Delta gamma,1.5062680101061479,228443,4663,1.3935200800785363e-05,lower,0.9802599956243936,0.019740004375606374,0.9802599956243936,0.9739737053930776,0.02602629460692246,0.9739737053930776,ok,1e-07,eps_x,4,233106,22362,20473,1889,0,210744
sigma_r_over_sigma_s,abs(Delta sigma_R)/abs(Delta sigma_S),0.4561862806450806,204400,28706,4.31373321400641e-05,lower,0.9096799159382976,0.09032008406170251,0.9096799159382976,0.8420982023074859,0.15790179769251408,0.8420982023074859,ok,1e-07,eps_x,4,233106,22362,20473,1889,0,210744
er_over_ei,abs(Delta E_R)/abs(Delta E_I),0.00016743505397740814,187704,45402,5.2451231431493994e-05,lower,0.8919308357348703,0.10806916426512968,0.8919308357348703,0.8021196672927288,0.19788033270727126,0.8021196672927288,ok,1e-07,eps_x,4,233106,22362,20473,1889,0,210744
er_fraction,abs(Delta E_R)/(abs(Delta E_R)+abs(Delta E_I)),0.00016224283176472976,186807,46299,3.001306507988133e-05,lower,0.8900747325746104,0.10992526742538954,0.8900747325746104,0.7987210446292818,0.2012789553707182,0.7987210446292818,ok,1e-07,eps_x,4,233106,22362,20473,1889,0,210744
er_over_es,abs(Delta E_R)/Delta E_S,0.0013261364777155849,165158,67948,1.952408454553023e-05,lower,0.8411810677477654,0.15881893225223465,0.8411810677477654,0.7091941686790091,0.29080583132099097,0.7091941686790091,ok,1e-07,eps_x,4,233106,22362,20473,1889,0,210744
sigma_r_over_sigma_i,abs(Delta sigma_R)/abs(Delta sigma_I),0.5264778118349871,170501,62605,4.751409031333864e-06,lower,0.8201394484703568,0.17986055152964314,0.8201394484703568,0.6772650031303104,0.32273499686968965,0.6772650031303104,ok,1e-07,eps_x,4,233106,22362,20473,1889,0,210744
es_over_sigma_s2,Delta E_S/(V0 abs(Delta sigma_S)^2),106.02926847062653,75330,157776,3.612400650743197e-05,higher,0.23062205882235062,0.7693779411776493,0.7693779411776493,0.2920579554601556,0.7079420445398443,0.7079420445398443,ok,1e-07,eps_x,4,233106,22362,20473,1889,0,210744
sigma_s2_over_es,abs(Delta sigma_S)^2/(Delta E_S/V0),0.009431358099740467,157776,75330,3.612400650743197e-05,lower,0.7693779411776493,0.23062205882235062,0.7693779411776493,0.7079420445398443,0.2920579554601556,0.7079420445398443,ok,1e-07,eps_x,4,233106,22362,20473,1889,0,210744
er_over_sigma_r2,abs(Delta E_R)/(V0 abs(Delta sigma_R)^2),1.3363003523838106,102816,130290,4.545606527822654e-06,lower,0.7535234013102048,0.24647659868979524,0.7535234013102048,0.58608353456757,0.41391646543243,0.58608353456757,ok,1e-07,eps_x,4,233106,22362,20473,1889,0,210744
sigma_r2_over_er,abs(Delta sigma_R)^2/(abs(Delta E_R)/V0),0.7483347573890193,130290,102816,4.545606527822654e-06,higher,0.24647659868979524,0.7535234013102048,0.7535234013102048,0.41391646543243,0.58608353456757,0.58608353456757,ok,1e-07,eps_x,4,233106,22362,20473,1889,0,210744
sigma_r_fraction,abs(Delta sigma_R)/(abs(Delta sigma_R)+abs(Delta sigma_I)),0.31570650600256966,138506,94600,3.748121974567198e-06,lower,0.7433514352219041,0.25664856477809594,0.7433514352219041,0.5362221625972632,0.46377783740273676,0.5362221625972632,ok,1e-07,eps_x,4,233106,22362,20473,1889,0,210744
ei_over_es,abs(Delta E_I)/Delta E_S,13.177521443202506,142683,90423,3.156041406304766e-05,higher,0.3145905450443232,0.6854094549556767,0.6854094549556767,0.5549145872462212,0.4450854127537787,0.4450854127537787,ok,1e-07,eps_x,4,233106,22362,20473,1889,0,210744
es_sigma_s,Delta E_S abs(Delta sigma_S)/V0,1.4579681833242152e-12,75797,157309,1.9019404748021884e-05,lower,0.6774749125997062,0.3225250874002938,0.6774749125997062,0.41999821125122977,0.5800017887487703,0.41999821125122977,ok,1e-07,eps_x,4,233106,22362,20473,1889,0,210744
er_plus_es,(abs(Delta E_R)+Delta E_S)/V0,6.291850733046528e-08,76131,156975,1.2683047439843165e-05,lower,0.6714148839449403,0.32858511605505963,0.6714148839449403,0.4058223772471156,0.5941776227528843,0.4058223772471156,ok,1e-07,eps_x,4,233106,22362,20473,1889,0,210744
es,Delta E_S/V0,6.14221589215012e-08,74247,158859,2.0578696774187222e-05,lower,0.6628121837546783,0.3371878162453217,0.6628121837546783,0.39754941418477774,0.6024505858152223,0.39754941418477774,ok,1e-07,eps_x,4,233106,22362,20473,1889,0,210744
es_over_dg,Delta E_S/(V0 Delta gamma),0.00614221589215012,74247,158859,2.0578696773299043e-05,lower,0.6628121837546783,0.3371878162453217,0.6628121837546783,0.39754941418477774,0.6024505858152223,0.39754941418477774,ok,1e-07,eps_x,4,233106,22362,20473,1889,0,210744
es_over_dg2,Delta E_S/(V0 Delta gamma^2),614.2215892150119,74247,158859,2.0578696773299043e-05,lower,0.6628121837546783,0.3371878162453217,0.6628121837546783,0.39754941418477774,0.6024505858152223,0.39754941418477774,ok,1e-07,eps_x,4,233106,22362,20473,1889,0,210744
er_plus_ei,(abs(Delta E_R)+abs(Delta E_I))/V0,6.828161570056693e-07,67056,166050,1.0096204106524453e-05,lower,0.6274681599132347,0.3725318400867654,0.6274681599132347,0.3513102584741973,0.6486897415258027,0.3513102584741973,ok,1e-07,eps_x,4,233106,22362,20473,1889,0,210744
ei_sigma_i,abs(Delta E_I) abs(Delta sigma_I)/V0,8.658909186740583e-12,44654,188452,2.424351929164459e-05,lower,0.6004941058213588,0.39950589417864124,0.6004941058213588,0.2843216170288883,0.7156783829711117,0.2843216170288883,ok,1e-07,eps_x,4,233106,22362,20473,1889,0,210744
sigma_i_over_sigma_s,abs(Delta sigma_I)/abs(Delta sigma_S),1.044843611028815,228443,4663,1.9374828403813382e-05,lower,0.5730158045961036,0.42698419540389637,0.5730158045961036,0.9044808156694393,0.09551918433056077,0.9044808156694393,ok,1e-07,eps_x,4,233106,22362,20473,1889,0,210744
ei,abs(Delta E_I)/V0,6.752649870286583e-07,66360,166746,1.5415024916087816e-05,lower,0.5650956648683723,0.43490433513162774,0.5650956648683723,0.33784992397817726,0.6621500760218227,0.33784992397817726,ok,1e-07,eps_x,4,233106,22362,20473,1889,0,210744
ei_over_dg,abs(Delta E_I)/(V0 Delta gamma),0.06752649870286583,66360,166746,1.5415024916087816e-05,lower,0.5650956648683723,0.43490433513162774,0.5650956648683723,0.33784992397817726,0.6621500760218227,0.33784992397817726,ok,1e-07,eps_x,4,233106,22362,20473,1889,0,210744
ei_over_dg2,abs(Delta E_I)/(V0 Delta gamma^2),6752.649870286581,66360,166746,1.5415024916087816e-05,lower,0.5650956648683723,0.43490433513162774,0.5650956648683723,0.33784992397817726,0.6621500760218227,0.33784992397817726,ok,1e-07,eps_x,4,233106,22362,20473,1889,0,210744
sigma_s,abs(Delta sigma_S),1.535559695067546e-05,11015,222091,3.8863276522249635e-05,lower,0.5304631877484469,0.4695368122515531,0.5304631877484469,0.15477148734460244,0.8452285126553976,0.15477148734460244,ok,1e-07,eps_x,4,233106,22362,20473,1889,0,210744
sigma_s_over_dg,abs(Delta sigma_S)/Delta gamma,1.5355596950675459,11015,222091,3.886327652188881e-05,lower,0.5304631877484469,0.4695368122515531,0.5304631877484469,0.15477148734460244,0.8452285126553976,0.15477148734460244,ok,1e-07,eps_x,4,233106,22362,20473,1889,0,210744
er_minus_ei,abs(abs(Delta E_R)-abs(Delta E_I))/V0,6.516049189938557e-07,63795,169311,9.183576601401455e-06,higher,0.4958835245749822,0.5041164754250178,0.5041164754250178,0.31714515696270457,0.6828548430372954,0.6828548430372954,ok,1e-07,eps_x,4,233106,22362,20473,1889,0,210744
er,abs(Delta E_R)/V0,1.4352517251264557e-10,249018,5083,1.84430218723719e-05,lower,0.9882293969490861,0.011770603050914015,0.9882293969490861,0.9785558971282897,0.02144410287171028,0.9785558971282897,ok,1e-06,eps_x,4,254101,26674,24826,1848,0,227427
er_over_dg,abs(Delta E_R)/(V0 Delta gamma),1.4352517251264557e-05,249018,5083,1.84430218723719e-05,lower,0.9882293969490861,0.011770603050914015,0.9882293969490861,0.9785558971282897,0.02144410287171028,0.9785558971282897,ok,1e-06,eps_x,4,254101,26674,24826,1848,0,227427
er_over_dg2,abs(Delta E_R)/(V0 Delta gamma^2),1.4352517251264556,249018,5083,1.844302187206659e-05,lower,0.9882293969490861,0.011770603050914015,0.9882293969490861,0.9785558971282897,0.02144410287171028,0.9785558971282897,ok,1e-06,eps_x,4,254101,26674,24826,1848,0,227427
er_sigma_s,abs(Delta E_R) abs(Delta sigma_S)/V0,3.109587074172015e-15,249018,5083,5.390797401361169e-06,lower,0.9881716356228964,0.011828364377103603,0.9881716356228964,0.9793806703156632,0.020619329684336808,0.9793806703156632,ok,1e-06,eps_x,4,254101,26674,24826,1848,0,227427
er_sigma_r,abs(Delta E_R) abs(Delta sigma_R)/V0,2.0539764291965548e-15,249018,5083,2.2335174149290538e-05,lower,0.9879071541391287,0.012092845860871318,0.9879071541391287,0.9779560620829272,0.022043937917072806,0.9779560620829272,ok,1e-06,eps_x,4,254101,26674,24826,1848,0,227427
sigma_i,abs(Delta sigma_I),2.047792699999268e-05,249018,5083,8.483170539363982e-07,lower,0.9852816947949068,0.01471830520509325,0.9852816947949068,0.9917147784359301,0.00828522156406988,0.9917147784359301,ok,1e-06,eps_x,4,254101,26674,24826,1848,0,227427
sigma_i_over_dg,abs(Delta sigma_I)/Delta gamma,2.047792699999268,249018,5083,8.48317053103731e-07,lower,0.9852816947949068,0.01471830520509325,0.9852816947949068,0.9917147784359301,0.00828522156406988,0.9917147784359301,ok,1e-06,eps_x,4,254101,26674,24826,1848,0,227427
sigma_r,abs(Delta sigma_R),1.4426732911998488e-05,249018,5083,3.977268256960542e-07,lower,0.9826805823945919,0.0173194176054081,0.9826805823945919,0.9752193146884607,0.024780685311539326,0.9752193146884607,ok,1e-06,eps_x,4,254101,26674,24826,1848,0,227427
sigma_r_over_dg,abs(Delta sigma_R)/Delta gamma,1.4426732911998488,249018,5083,3.9772682633443246e-07,lower,0.9826805823945919,0.0173194176054081,0.9826805823945919,0.9752193146884607,0.024780685311539326,0.9752193146884607,ok,1e-06,eps_x,4,254101,26674,24826,1848,0,227427
er_over_ei,abs(Delta E_R)/abs(Delta E_I),0.0002216107787342055,221486,32615,4.8565773334896534e-05,lower,0.9345558289155728,0.06544417108442727,0.9345558289155728,0.8786458723850941,0.1213541276149059,0.8786458723850941,ok,1e-06,eps_x,4,254101,26674,24826,1848,0,227427
er_fraction,abs(Delta E_R)/(abs(Delta E_R)+abs(Delta E_I)),0.00020833893824748824,219626,34475,9.298894514842004e-05,lower,0.9309305973035531,0.06906940269644692,0.9309305973035531,0.8718977281247657,0.12810227187523432,0.8718977281247657,ok,1e-06,eps_x,4,254101,26674,24826,1848,0,227427
sigma_r_over_sigma_s,abs(Delta sigma_R)/abs(Delta sigma_S),0.6415448061509929,224423,29678,4.929847109852448e-05,lower,0.9118696212217118,0.08813037877828823,0.9118696212217118,0.8476044087875834,0.15239559121241658,0.8476044087875834,ok,1e-06,eps_x,4,254101,26674,24826,1848,0,227427
er_over_es,abs(Delta E_R)/Delta E_S,0.0013940680880540756,205220,48881,4.212558754090878e-05,lower,0.9101170553982123,0.08988294460178775,0.9101170553982123,0.8336207542925695,0.16637924570743046,0.8336207542925695,ok,1e-06,eps_x,4,254101,26674,24826,1848,0,227427
er_over_sigma_r2,abs(Delta E_R)/(V0 abs(Delta sigma_R)^2),1.1881559291359813,109925,144176,2.5258388209048466e-06,lower,0.760478558472597,0.239521441527403,0.760478558472597,0.59143735472745,0.40856264527255004,0.59143735472745,ok,1e-06,eps_x,4,254101,26674,24826,1848,0,227427
sigma_r2_over_er,abs(Delta sigma_R)^2/(abs(Delta E_R)/V0),0.841640373521675,144176,109925,2.52583882082158e-06,higher,0.239521441527403,0.760478558472597,0.760478558472597,0.40856264527255004,0.59143735472745,0.59143735472745,ok,1e-06,eps_x,4,254101,26674,24826,1848,0,227427
sigma_r_over_sigma_i,abs(Delta sigma_R)/abs(Delta sigma_I),0.5346114286595379,148706,105395,1.6483712185211274e-06,lower,0.7227138546622153,0.27728614533778473,0.7227138546622153,0.4922396341006223,0.5077603658993777,0.4922396341006223,ok,1e-06,eps_x,4,254101,26674,24826,1848,0,227427
sigma_r_fraction,abs(Delta sigma_R)/(abs(Delta sigma_R)+abs(Delta sigma_I)),0.3322007135737094,136175,117926,4.2249740665467606e-06,lower,0.6975963964604905,0.30240360353950946,0.6975963964604905,0.44455274799430156,0.5554472520056984,0.44455274799430156,ok,1e-06,eps_x,4,254101,26674,24826,1848,0,227427
es_sigma_s,Delta E_S abs(Delta sigma_S)/V0,1.8110094641335543e-12,81536,172565,8.393120053185044e-06,lower,0.6599475640501178,0.3400524359498822,0.6599475640501178,0.3791332383594512,0.6208667616405489,0.3791332383594512,ok,1e-06,eps_x,4,254101,26674,24826,1848,0,227427
ei_over_es,abs(Delta E_I)/Delta E_S,9.931880691423402,158048,96053,1.1427632895189e-05,higher,0.3460960144074621,0.6539039855925379,0.6539039855925379,0.6255904626227787,0.37440953737722127,0.37440953737722127,ok,1e-06,eps_x,4,254101,26674,24826,1848,0,227427
er_plus_es,(abs(Delta E_R)+Delta E_S)/V0,7.865299309351351e-08,73709,180392,1.2734631084754255e-05,lower,0.6248561633994245,0.37514383660057554,0.6248561633994245,0.3077528679613106,0.6922471320386894,0.3077528679613106,ok,1e-06,eps_x,4,254101,26674,24826,1848,0,227427
es,Delta E_S/V0,7.711293167740922e-08,71962,182139,6.51636987658577e-06,lower,0.6156524736843758,0.38434752631562424,0.6156524736843758,0.30134213091399864,0.6986578690860014,0.30134213091399864,ok,1e-06,eps_x,4,254101,26674,24826,1848,0,227427
es_over_dg,Delta E_S/(V0 Delta gamma),0.007711293167740922,71962,182139,6.516369876141681e-06,lower,0.6156524736843758,0.38434752631562424,0.6156524736843758,0.30134213091399864,0.6986578690860014,0.30134213091399864,ok,1e-06,eps_x,4,254101,26674,24826,1848,0,227427
es_over_dg2,Delta E_S/(V0 Delta gamma^2),771.1293167740921,71962,182139,6.516369876141681e-06,lower,0.6156524736843758,0.38434752631562424,0.6156524736843758,0.30134213091399864,0.6986578690860014,0.30134213091399864,ok,1e-06,eps_x,4,254101,26674,24826,1848,0,227427
er_plus_ei,(abs(Delta E_R)+abs(Delta E_I))/V0,6.098015873264938e-07,55591,198510,2.4802143300917123e-05,lower,0.5788780169721521,0.42112198302784787,0.5788780169721521,0.251068456174552,0.748931543825448,0.251068456174552,ok,1e-06,eps_x,4,254101,26674,24826,1848,0,227427
ei_sigma_i,abs(Delta E_I) abs(Delta sigma_I)/V0,8.482847718099618e-12,43613,210488,1.768944824576124e-05,lower,0.5760534663247545,0.42394653367524554,0.5760534663247545,0.22996176051585815,0.7700382394841419,0.22996176051585815,ok,1e-06,eps_x,4,254101,26674,24826,1848,0,227427
er_minus_ei,abs(abs(Delta E_R)-abs(Delta E_I))/V0,5.94271416371003e-07,54712,199389,2.0739796581459302e-05,higher,0.4714250795929278,0.5285749204070722,0.5285749204070722,0.23284846667166528,0.7671515333283347,0.7671515333283347,ok,1e-06,eps_x,4,254101,26674,24826,1848,0,227427
sigma_s,abs(Delta sigma_S),8.888997802683938e-06,10665,243436,0.0001330110845687571,lower,0.5265800839644793,0.4734199160355207,0.5265800839644793,0.12761490590087726,0.8723850940991228,0.12761490590087726,ok,1e-06,eps_x,4,254101,26674,24826,1848,0,227427
sigma_s_over_dg,abs(Delta sigma_S)/Delta gamma,0.8888997802683937,10665,243436,0.00013301108456889588,lower,0.5265800839644793,0.4734199160355207,0.5265800839644793,0.12761490590087726,0.8723850940991228,0.12761490590087726,ok,1e-06,eps_x,4,254101,26674,24826,1848,0,227427
es_over_sigma_s2,Delta E_S/(V0 abs(Delta sigma_S)^2),1322.3055724424858,239248,14853,0.00010914082260260471,higher,0.4765960042937808,0.5234039957062192,0.5234039957062192,0.8549898777836095,0.14501012221639048,0.14501012221639048,ok,1e-06,eps_x,4,254101,26674,24826,1848,0,227427
sigma_s2_over_es,abs(Delta sigma_S)^2/(Delta E_S/V0),0.0007562548482291111,14853,239248,0.00010914082260260471,lower,0.5234039957062192,0.4765960042937808,0.5234039957062192,0.14501012221639048,0.8549898777836095,0.14501012221639048,ok,1e-06,eps_x,4,254101,26674,24826,1848,0,227427
ei,abs(Delta E_I)/V0,6.056540980424019e-07,55441,198660,1.3448682164352022e-05,lower,0.5205432406955004,0.4794567593044996,0.5205432406955004,0.24177101297143286,0.7582289870285671,0.24177101297143286,ok,1e-06,eps_x,4,254101,26674,24826,1848,0,227427
ei_over_dg,abs(Delta E_I)/(V0 Delta gamma),0.060565409804240175,55441,198660,1.3448682164352022e-05,lower,0.5205432406955004,0.4794567593044996,0.5205432406955004,0.24177101297143286,0.7582289870285671,0.24177101297143286,ok,1e-06,eps_x,4,254101,26674,24826,1848,0,227427
ei_over_dg2,abs(Delta E_I)/(V0 Delta gamma^2),6056.540980424018,55441,198660,1.3448682163907932e-05,lower,0.5205432406955004,0.4794567593044996,0.5205432406955004,0.24177101297143286,0.7582289870285671,0.24177101297143286,ok,1e-06,eps_x,4,254101,26674,24826,1848,0,227427
sigma_i_over_sigma_s,abs(Delta sigma_I)/abs(Delta sigma_S),1.9112898943189698,246147,7954,6.187501364596226e-05,higher,0.48215201176814,0.51784798823186,0.51784798823186,0.8891054959886031,0.11089450401139686,0.11089450401139686,ok,1e-06,eps_x,4,254101,26674,24826,1848,0,227427
sigma_i,abs(Delta sigma_I),2.036177300000078e-05,182224,3719,4.265776976097868e-08,lower,0.9868345776547833,0.013165422345216596,0.9868345776547833,0.9914903675688453,0.00850963243115471,0.9914903675688453,ok,1e-05,eps_x,4,185943,16922,15236,1686,155,168866
sigma_i_over_dg,abs(Delta sigma_I)/Delta gamma,2.036177300000078,182224,3719,4.265777003853444e-08,lower,0.9868345776547833,0.013165422345216596,0.9868345776547833,0.9914903675688453,0.00850963243115471,0.9914903675688453,ok,1e-05,eps_x,4,185943,16922,15236,1686,155,168866
er_sigma_s,abs(Delta E_R) abs(Delta sigma_S)/V0,3.919963521998134e-15,182224,3719,0.00015488373394312305,lower,0.9841165660278288,0.015883433972171172,0.9841165660278288,0.9713981798841744,0.028601820115825554,0.9713981798841744,ok,1e-05,eps_x,4,185943,16922,15236,1686,155,168866
er,abs(Delta E_R)/V0,2.777770311042733e-10,182224,3719,0.0009364421305733117,lower,0.9833617747440273,0.016638225255972697,0.9833617747440273,0.9700390024819762,0.029960997518023873,0.9700390024819762,ok,1e-05,eps_x,4,185943,16922,15236,1686,155,168866
er_over_dg,abs(Delta E_R)/(V0 Delta gamma),2.7777703110427328e-05,182224,3719,0.0009364421305724235,lower,0.9833617747440273,0.016638225255972697,0.9833617747440273,0.9700390024819762,0.029960997518023873,0.9700390024819762,ok,1e-05,eps_x,4,185943,16922,15236,1686,155,168866
er_over_dg2,abs(Delta E_R)/(V0 Delta gamma^2),2.7777703110427323,182224,3719,0.000936442130572368,lower,0.9833617747440273,0.016638225255972697,0.9833617747440273,0.9700390024819762,0.029960997518023873,0.9700390024819762,ok,1e-05,eps_x,4,185943,16922,15236,1686,155,168866
er_sigma_r,abs(Delta E_R) abs(Delta sigma_R)/V0,4.734709314259327e-15,182224,3719,1.4963443142335109e-06,lower,0.9822459963244946,0.01775400367550538,0.9822459963244946,0.968029783713509,0.03197021628649096,0.968029783713509,ok,1e-05,eps_x,4,185943,16922,15236,1686,155,168866
sigma_s,abs(Delta sigma_S),3.0556727895626745e-05,182224,3719,6.95452850862921e-09,lower,0.9809045863468149,0.019095413653185143,0.9809045863468149,0.989835716818343,0.010164283181657014,0.989835716818343,ok,1e-05,eps_x,4,185943,16922,15236,1686,155,168866
sigma_s_over_dg,abs(Delta sigma_S)/Delta gamma,3.0556727895626743,182224,3719,6.954528619651512e-09,lower,0.9809045863468149,0.019095413653185143,0.9809045863468149,0.989835716818343,0.010164283181657014,0.989835716818343,ok,1e-05,eps_x,4,185943,16922,15236,1686,155,168866
er_over_es,abs(Delta E_R)/Delta E_S,0.0018518351799680626,137758,48185,3.181579215905117e-05,lower,0.8412641113153059,0.15873588868469415,0.8412641113153059,0.7141590828507268,0.2858409171492731,0.7141590828507268,ok,1e-05,eps_x,4,185943,16922,15236,1686,155,168866
er_over_ei,abs(Delta E_R)/abs(Delta E_I),0.0001370265765640707,128024,57919,3.970825784049836e-05,lower,0.806904699396167,0.19309530060383304,0.806904699396167,0.6522869637158728,0.3477130362841272,0.6522869637158728,ok,1e-05,eps_x,4,185943,16922,15236,1686,155,168866
es_over_sigma_s2,Delta E_S/(V0 abs(Delta sigma_S)^2),67.15444108065627,43234,142709,1.91955342541128e-05,higher,0.19604361524976588,0.803956384750234,0.803956384750234,0.20009455147145727,0.7999054485285427,0.7999054485285427,ok,1e-05,eps_x,4,185943,16922,15236,1686,155,168866
sigma_s2_over_es,abs(Delta sigma_S)^2/(Delta E_S/V0),0.014891047917425798,142709,43234,1.91955342541128e-05,lower,0.803956384750234,0.19604361524976588,0.803956384750234,0.7999054485285427,0.20009455147145727,0.7999054485285427,ok,1e-05,eps_x,4,185943,16922,15236,1686,155,168866
er_fraction,abs(Delta E_R)/(abs(Delta E_R)+abs(Delta E_I)),0.00013040208483671166,125452,60491,2.7986837178417545e-05,lower,0.8005381990023628,0.19946180099763716,0.8005381990023628,0.6408225978016783,0.3591774021983217,0.6408225978016783,ok,1e-05,eps_x,4,185943,16922,15236,1686,155,168866
er_over_sigma_r2,abs(Delta E_R)/(V0 abs(Delta sigma_R)^2),10.951846226738795,182094,3849,0.0003394530989104805,lower,0.7624555160142349,0.23754448398576514,0.7624555160142349,0.9526651696017019,0.047334830398298076,0.9526651696017019,ok,1e-05,eps_x,4,185943,16922,15236,1686,155,168866
sigma_r2_over_er,abs(Delta sigma_R)^2/(abs(Delta E_R)/V0),0.09130880577546027,3849,182094,0.0003394530989104805,higher,0.23754448398576514,0.7624555160142349,0.7624555160142349,0.047334830398298076,0.9526651696017019,0.9526651696017019,ok,1e-05,eps_x,4,185943,16922,15236,1686,155,168866
es_sigma_s,Delta E_S abs(Delta sigma_S)/V0,1.2342142430611147e-12,56394,129549,3.8119028623384565e-05,lower,0.667049687525985,0.33295031247401496,0.667049687525985,0.40899420872237324,0.5910057912776268,0.40899420872237324,ok,1e-05,eps_x,4,185943,16922,15236,1686,155,168866
ei_over_es,abs(Delta E_I)/Delta E_S,15.848916283469832,119542,66401,1.0058915823396575e-05,higher,0.3352047983999935,0.6647952016000065,0.6647952016000065,0.5860418390261198,0.41395816097388016,0.41395816097388016,ok,1e-05,eps_x,4,185943,16922,15236,1686,155,168866
er_plus_ei,(abs(Delta E_R)+abs(Delta E_I))/V0,6.825391252909311e-07,64052,121891,2.5264714223816043e-05,lower,0.6643666339975839,0.33563336600241606,0.6643666339975839,0.4397825316156483,0.5602174683843517,0.4397825316156483,ok,1e-05,eps_x,4,185943,16922,15236,1686,155,168866
ei_sigma_i,abs(Delta E_I) abs(Delta sigma_I)/V0,9.016390470517871e-12,48996,136947,4.160329046243305e-05,lower,0.6584895080546885,0.3415104919453115,0.6584895080546885,0.4045030138281527,0.5954969861718473,0.4045030138281527,ok,1e-05,eps_x,4,185943,16922,15236,1686,155,168866
er_plus_es,(abs(Delta E_R)+Delta E_S)/V0,4.7200211940782835e-08,49692,136251,2.1395237994603633e-05,lower,0.6341414649140591,0.36585853508594085,0.6341414649140591,0.34688571090887604,0.653114289091124,0.34688571090887604,ok,1e-05,eps_x,4,185943,16922,15236,1686,155,168866
es,Delta E_S/V0,4.586249088788787e-08,48076,137867,1.8847437507574227e-05,lower,0.6250002335730416,0.3749997664269584,0.6250002335730416,0.3375487531024702,0.6624512468975299,0.3375487531024702,ok,1e-05,eps_x,4,185943,16922,15236,1686,155,168866
es_over_dg,Delta E_S/(V0 Delta gamma),0.004586249088788787,48076,137867,1.8847437508018317e-05,lower,0.6250002335730416,0.3749997664269584,0.6250002335730416,0.3375487531024702,0.6624512468975299,0.3375487531024702,ok,1e-05,eps_x,4,185943,16922,15236,1686,155,168866
es_over_dg2,Delta E_S/(V0 Delta gamma^2),458.6249088788786,48076,137867,1.8847437508018317e-05,lower,0.6250002335730416,0.3749997664269584,0.6250002335730416,0.3375487531024702,0.6624512468975299,0.3375487531024702,ok,1e-05,eps_x,4,185943,16922,15236,1686,155,168866
ei,abs(Delta E_I)/V0,6.764524923745902e-07,63800,122143,1.978051436513084e-05,lower,0.6142188134053486,0.38578118659465144,0.6142188134053486,0.4283181657014537,0.5716818342985462,0.4283181657014537,ok,1e-05,eps_x,4,185943,16922,15236,1686,155,168866
ei_over_dg,abs(Delta E_I)/(V0 Delta gamma),0.06764524923745902,63800,122143,1.9780514364908797e-05,lower,0.6142188134053486,0.38578118659465144,0.6142188134053486,0.4283181657014537,0.5716818342985462,0.4283181657014537,ok,1e-05,eps_x,4,185943,16922,15236,1686,155,168866
ei_over_dg2,abs(Delta E_I)/(V0 Delta gamma^2),6764.524923745901,63800,122143,1.978051436513084e-05,lower,0.6142188134053486,0.38578118659465144,0.6142188134053486,0.4283181657014537,0.5716818342985462,0.4283181657014537,ok,1e-05,eps_x,4,185943,16922,15236,1686,155,168866
er_minus_ei,abs(abs(Delta E_R)-abs(Delta E_I))/V0,6.544316653555832e-07,62352,123591,1.625025328522156e-05,lower,0.542699137368043,0.45730086263195713,0.542699137368043,0.40733955797187094,0.5926604420281291,0.40733955797187094,ok,1e-05,eps_x,4,185943,16922,15236,1686,155,168866
sigma_i_over_sigma_s,abs(Delta sigma_I)/abs(Delta sigma_S),0.5029704442147662,3719,182224,7.337069258062101e-05,lower,0.5222330392493025,0.4777669607506975,0.5222330392493025,0.14631840208013236,0.8536815979198676,0.14631840208013236,ok,1e-05,eps_x,4,185943,16922,15236,1686,155,168866
sigma_r,abs(Delta sigma_R),1.1112742603612344e-06,4149,181794,0.008220916594638084,higher,0.5,0.5,0.5,0.09963361304810306,0.900366386951897,0.900366386951897,ok,1e-05,eps_x,4,185943,16922,15236,1686,155,168866
sigma_r_over_dg,abs(Delta sigma_R)/Delta gamma,0.11112742603612345,4149,181794,0.008220916594638639,higher,0.5,0.5,0.5,0.09963361304810306,0.900366386951897,0.900366386951897,ok,1e-05,eps_x,4,185943,16922,15236,1686,155,168866
sigma_r_over_sigma_s,abs(Delta sigma_R)/abs(Delta sigma_S),0.04152112737158328,4151,181792,0.023884321666362673,higher,0.5,0.5,0.5,0.09963361304810306,0.900366386951897,0.900366386951897,ok,1e-05,eps_x,4,185943,16922,15236,1686,155,168866
sigma_r_over_sigma_i,abs(Delta sigma_R)/abs(Delta sigma_I),0.06667866658328851,4151,181792,0.03782541606462719,higher,0.5,0.5,0.5,0.09963361304810306,0.900366386951897,0.900366386951897,ok,1e-05,eps_x,4,185943,16922,15236,1686,155,168866
sigma_r_fraction,abs(Delta sigma_R)/(abs(Delta sigma_R)+abs(Delta sigma_I)),0.052233623900993786,4143,181800,0.008233683025079763,higher,0.5,0.5,0.5,0.09963361304810306,0.900366386951897,0.900366386951897,ok,1e-05,eps_x,4,185943,16922,15236,1686,155,168866
sigma_i_over_sigma_s,abs(Delta sigma_I)/abs(Delta sigma_S),1.0734027826263166,184607,20836,1.6137419755920396e-05,higher,0.03895394963796127,0.9610460503620387,0.9610460503620387,0.044762382864792505,0.9552376171352075,0.9552376171352075,ok,0.0001,eps_x,4,205443,11952,10339,1613,3193,190298
sigma_i,abs(Delta sigma_I),6.934513499948939e-05,201334,4109,3.3192819985927713e-06,lower,0.8957845767478151,0.1042154232521849,0.8957845767478151,0.8273929049531459,0.1726070950468541,0.8273929049531459,ok,0.0001,eps_x,4,205443,11952,10339,1613,3193,190298
sigma_i_over_dg,abs(Delta sigma_I)/Delta gamma,6.934513499948937,201334,4109,3.3192819985927713e-06,lower,0.8957845767478151,0.1042154232521849,0.8957845767478151,0.8273929049531459,0.1726070950468541,0.8273929049531459,ok,0.0001,eps_x,4,205443,11952,10339,1613,3193,190298
es_over_sigma_s2,Delta E_S/(V0 abs(Delta sigma_S)^2),56.39787659075496,58637,146806,9.25312024135927e-06,higher,0.2559016243337229,0.7440983756662771,0.7440983756662771,0.36261713520749667,0.6373828647925034,0.6373828647925034,ok,0.0001,eps_x,4,205443,11952,10339,1613,3193,190298
sigma_s2_over_es,abs(Delta sigma_S)^2/(Delta E_S/V0),0.01773116401626946,146806,58637,9.25312024135927e-06,lower,0.7440983756662771,0.2559016243337229,0.7440983756662771,0.6373828647925034,0.36261713520749667,0.6373828647925034,ok,0.0001,eps_x,4,205443,11952,10339,1613,3193,190298
er_plus_ei,(abs(Delta E_R)+abs(Delta E_I))/V0,7.087405248228761e-07,66515,138928,1.0903920584226512e-05,lower,0.6891906826048895,0.3108093173951105,0.6891906826048895,0.49531459170013387,0.5046854082998661,0.49531459170013387,ok,0.0001,eps_x,4,205443,11952,10339,1613,3193,190298
es_sigma_s,Delta E_S abs(Delta sigma_S)/V0,1.4886166013142095e-12,49504,155939,2.942698432484292e-05,lower,0.6888853183945823,0.3111146816054176,0.6888853183945823,0.4631024096385542,0.5368975903614458,0.4631024096385542,ok,0.0001,eps_x,4,205443,11952,10339,1613,3193,190298
ei_sigma_i,abs(Delta E_I) abs(Delta sigma_I)/V0,1.6479791794117237e-11,62170,143273,1.67027715090029e-05,lower,0.6832287499639469,0.31677125003605305,0.6832287499639469,0.4610107095046854,0.5389892904953146,0.4610107095046854,ok,0.0001,eps_x,4,205443,11952,10339,1613,3193,190298
ei_over_es,abs(Delta E_I)/Delta E_S,12.886064760112538,116551,88892,1.3411768331472729e-05,higher,0.3318843049511816,0.6681156950488184,0.6681156950488184,0.5601572958500669,0.43984270414993304,0.43984270414993304,ok,0.0001,eps_x,4,205443,11952,10339,1613,3193,190298
ei,abs(Delta E_I)/V0,7.002052781973568e-07,65898,139545,1.2073376217891507e-05,lower,0.6340536290909885,0.3659463709090115,0.6340536290909885,0.47958500669344045,0.5204149933065596,0.47958500669344045,ok,0.0001,eps_x,4,205443,11952,10339,1613,3193,190298
ei_over_dg,abs(Delta E_I)/(V0 Delta gamma),0.07002052781973568,65898,139545,1.2073376217447418e-05,lower,0.6340536290909885,0.3659463709090115,0.6340536290909885,0.47958500669344045,0.5204149933065596,0.47958500669344045,ok,0.0001,eps_x,4,205443,11952,10339,1613,3193,190298
ei_over_dg2,abs(Delta E_I)/(V0 Delta gamma^2),7002.052781973568,65898,139545,1.2073376217447418e-05,lower,0.6340536290909885,0.3659463709090115,0.6340536290909885,0.47958500669344045,0.5204149933065596,0.47958500669344045,ok,0.0001,eps_x,4,205443,11952,10339,1613,3193,190298
es,Delta E_S/V0,4.964784487288394e-08,47433,158010,1.0752244446798898e-05,lower,0.6140422144358929,0.3859577855641071,0.6140422144358929,0.34312248995983935,0.6568775100401606,0.34312248995983935,ok,0.0001,eps_x,4,205443,11952,10339,1613,3193,190298
es_over_dg,Delta E_S/(V0 Delta gamma),0.004964784487288394,47433,158010,1.0752244447242987e-05,lower,0.6140422144358929,0.3859577855641071,0.6140422144358929,0.34312248995983935,0.6568775100401606,0.34312248995983935,ok,0.0001,eps_x,4,205443,11952,10339,1613,3193,190298
es_over_dg2,Delta E_S/(V0 Delta gamma^2),496.4784487288394,47433,158010,1.0752244447242987e-05,lower,0.6140422144358929,0.3859577855641071,0.6140422144358929,0.34312248995983935,0.6568775100401606,0.34312248995983935,ok,0.0001,eps_x,4,205443,11952,10339,1613,3193,190298
sigma_s,abs(Delta sigma_S),1.454310848259498e-05,6914,198529,0.00019381177243715797,lower,0.609659600905617,0.390340399094383,0.609659600905617,0.32739290495314594,0.6726070950468541,0.32739290495314594,ok,0.0001,eps_x,4,205443,11952,10339,1613,3193,190298
sigma_s_over_dg,abs(Delta sigma_S)/Delta gamma,1.4543108482594977,6914,198529,0.0001938117724367694,lower,0.609659600905617,0.390340399094383,0.609659600905617,0.32739290495314594,0.6726070950468541,0.32739290495314594,ok,0.0001,eps_x,4,205443,11952,10339,1613,3193,190298
er_plus_es,(abs(Delta E_R)+Delta E_S)/V0,5.1942032089844454e-08,49252,156191,2.892512761931698e-05,lower,0.6058874759418874,0.3941125240581126,0.6058874759418874,0.3208668005354752,0.6791331994645248,0.3208668005354752,ok,0.0001,eps_x,4,205443,11952,10339,1613,3193,190298
er_over_sigma_r2,abs(Delta E_R)/(V0 abs(Delta sigma_R)^2),41.15878884315697,42231,163212,6.77656391285808e-05,lower,0.5664525589340933,0.4335474410659067,0.5664525589340933,0.8826974564926372,0.11730254350736279,0.8826974564926372,ok,0.0001,eps_x,4,205443,11952,10339,1613,3193,190298
sigma_r2_over_er,abs(Delta sigma_R)^2/(abs(Delta E_R)/V0),0.02429614738690882,163212,42231,6.77656391285808e-05,higher,0.4335474410659067,0.5664525589340933,0.5664525589340933,0.11730254350736279,0.8826974564926372,0.8826974564926372,ok,0.0001,eps_x,4,205443,11952,10339,1613,3193,190298
er_minus_ei,abs(abs(Delta E_R)-abs(Delta E_I))/V0,6.795408670192949e-07,64566,140877,7.88871304813199e-06,lower,0.5526497968106244,0.44735020318937546,0.5526497968106244,0.4528112449799197,0.5471887550200804,0.4528112449799197,ok,0.0001,eps_x,4,205443,11952,10339,1613,3193,190298
er_sigma_s,abs(Delta E_R) abs(Delta sigma_S)/V0,1.5381536788386233e-14,184548,20895,0.00045151143920563186,lower,0.5343360092852307,0.4656639907147693,0.5343360092852307,0.1943607764390897,0.8056392235609103,0.1943607764390897,ok,0.0001,eps_x,4,205443,11952,10339,1613,3193,190298
er,abs(Delta E_R)/V0,4.250125744212284e-10,182156,23287,0.006866287257858872,lower,0.5005319663410388,0.4994680336589612,0.5005319663410388,0.1358768406961178,0.8641231593038822,0.1358768406961178,ok,0.0001,eps_x,4,205443,11952,10339,1613,3193,190298
er_over_dg,abs(Delta E_R)/(V0 Delta gamma),4.250125744212284e-05,182156,23287,0.0068662872578570955,lower,0.5005319663410388,0.4994680336589612,0.5005319663410388,0.1358768406961178,0.8641231593038822,0.1358768406961178,ok,0.0001,eps_x,4,205443,11952,10339,1613,3193,190298
er_over_dg2,abs(Delta E_R)/(V0 Delta gamma^2),4.2501257442122835,182156,23287,0.006866287257857873,lower,0.5005319663410388,0.4994680336589612,0.5005319663410388,0.1358768406961178,0.8641231593038822,0.1358768406961178,ok,0.0001,eps_x,4,205443,11952,10339,1613,3193,190298
sigma_r,abs(Delta sigma_R),4.505123766497279e-06,181970,23473,0.002603393121851205,higher,0.49969001859888407,0.5003099814011159,0.5003099814011159,0.1348728246318608,0.8651271753681392,0.8651271753681392,ok,0.0001,eps_x,4,205443,11952,10339,1613,3193,190298
sigma_r_over_dg,abs(Delta sigma_R)/Delta gamma,0.4505123766497278,181970,23473,0.0026033931218518713,higher,0.49969001859888407,0.5003099814011159,0.5003099814011159,0.1348728246318608,0.8651271753681392,0.8651271753681392,ok,0.0001,eps_x,4,205443,11952,10339,1613,3193,190298
er_over_es,abs(Delta E_R)/Delta E_S,0.0036442952373749423,176265,29178,6.55106095872604e-05,lower,0.5000967211529161,0.49990327884708385,0.5000967211529161,0.13512382864792502,0.864876171352075,0.13512382864792502,ok,0.0001,eps_x,4,205443,11952,10339,1613,3193,190298
sigma_r_over_sigma_s,abs(Delta sigma_R)/abs(Delta sigma_S),0.15435107070115914,181818,23625,0.0012210103774560332,higher,0.5,0.5,0.5,0.13495649263721554,0.8650435073627845,0.8650435073627845,ok,0.0001,eps_x,4,205443,11952,10339,1613,3193,190298
sigma_r_over_sigma_i,abs(Delta sigma_R)/abs(Delta sigma_I),0.13355285446091675,179731,25712,0.0001063430442141966,higher,0.5,0.5,0.5,0.13495649263721554,0.8650435073627845,0.8650435073627845,ok,0.0001,eps_x,4,205443,11952,10339,1613,3193,190298
er_over_ei,abs(Delta E_R)/abs(Delta E_I),0.00047982576386696975,181425,24018,0.0023572434576197843,higher,0.5,0.5,0.5,0.13495649263721554,0.8650435073627845,0.8650435073627845,ok,0.0001,eps_x,4,205443,11952,10339,1613,3193,190298
er_fraction,abs(Delta E_R)/(abs(Delta E_R)+abs(Delta E_I)),0.00046354209008011096,181401,24042,0.000654039319347266,higher,0.5,0.5,0.5,0.13495649263721554,0.8650435073627845,0.8650435073627845,ok,0.0001,eps_x,4,205443,11952,10339,1613,3193,190298
sigma_r_fraction,abs(Delta sigma_R)/(abs(Delta sigma_R)+abs(Delta sigma_I)),0.061311555209259384,171224,34219,5.0820395319339795e-05,higher,0.5,0.5,0.5,0.13495649263721554,0.8650435073627845,0.8650435073627845,ok,0.0001,eps_x,4,205443,11952,10339,1613,3193,190298
er_sigma_r,abs(Delta E_R) abs(Delta sigma_R)/V0,1.6941675997823984e-15,182069,23374,0.1076481472143378,higher,0.5,0.5,0.5,0.13495649263721554,0.8650435073627845,0.8650435073627845,ok,0.0001,eps_x,4,205443,11952,10339,1613,3193,190298
