size,regime,feature,feature_label,sample_count,forward_only_pool_count,otsu_cut,otsu_closing_count,otsu_nonclosing_count,log10_gap_at_cut,status
50,pre,er,abs(Delta E_R)/V0,6,2828,1.0787905541040991e-08,2509,319,2.098905130630862,ok
50,pre,es,Delta E_S/V0,6,2828,1.3399650536617477e-06,2539,289,0.03288296270615554,ok
50,pre,ei,abs(Delta E_I)/V0,6,2828,1.450223749507203e-06,2540,288,0.03395245601131247,ok
50,pre,sigma_r,abs(Delta sigma_R),6,2828,5.715722312589961e-06,2521,307,0.17682019088630252,ok
50,pre,sigma_i,abs(Delta sigma_I),6,2828,5.724864095021131e-06,2521,307,0.17801985142344368,ok
50,pre,sigma_s,abs(Delta sigma_S),6,2828,2.5242543907249233e-05,2545,283,0.03656388880570827,ok
50,pre,er_over_dg,abs(Delta E_R)/(V0 Delta gamma),6,2828,0.0010787905541030202,2509,319,2.0989051306308624,ok
50,pre,er_over_dg2,abs(Delta E_R)/(V0 Delta gamma^2),6,2828,107.87905541019413,2509,319,2.0989051306308624,ok
50,pre,es_over_dg,Delta E_S/(V0 Delta gamma),6,2828,0.13399650536604074,2539,289,0.03288296270615554,ok
50,pre,es_over_dg2,Delta E_S/(V0 Delta gamma^2),6,2828,13399.650536590676,2539,289,0.03288296270615554,ok
50,pre,ei_over_dg,abs(Delta E_I)/(V0 Delta gamma),6,2828,0.14502237495057527,2540,288,0.03395245601131247,ok
50,pre,ei_over_dg2,abs(Delta E_I)/(V0 Delta gamma^2),6,2828,14502.237495043024,2540,288,0.03395245601131247,ok
50,pre,sigma_r_over_dg,abs(Delta sigma_R)/Delta gamma,6,2828,0.5715722312584245,2521,307,0.17682019088630233,ok
50,pre,sigma_i_over_dg,abs(Delta sigma_I)/Delta gamma,6,2828,0.5724864095015405,2521,307,0.17801985142344362,ok
50,pre,sigma_s_over_dg,abs(Delta sigma_S)/Delta gamma,6,2828,2.524254390722399,2545,283,0.03656388880570827,ok
50,pre,er_over_es,abs(Delta E_R)/Delta E_S,6,2828,0.055501829412353695,2421,407,0.008509646766931667,ok
50,pre,ei_over_es,abs(Delta E_I)/Delta E_S,6,2828,2.606032155331542,2733,95,0.0065937775255160425,ok
50,pre,sigma_r_over_sigma_s,abs(Delta sigma_R)/abs(Delta sigma_S),6,2828,0.09288601498427744,1575,1253,0.001931592414807115,ok
50,pre,sigma_i_over_sigma_s,abs(Delta sigma_I)/abs(Delta sigma_S),6,2828,0.08751319438460686,1661,1167,0.004242518537353135,ok
50,pre,sigma_r_over_sigma_i,abs(Delta sigma_R)/abs(Delta sigma_I),6,2828,1.6487660635130674,2044,784,0.008757074695866063,ok
50,pre,er_over_ei,abs(Delta E_R)/abs(Delta E_I),6,2828,0.05293634560930851,2432,396,0.01739996289749568,ok
50,pre,er_fraction,abs(Delta E_R)/(abs(Delta E_R)+abs(Delta E_I)),6,2828,0.03420183967031874,2400,428,0.007227578166785653,ok
50,pre,sigma_r_fraction,abs(Delta sigma_R)/(abs(Delta sigma_R)+abs(Delta sigma_I)),6,2828,0.2841227334979,109,2719,0.01181678950270637,ok
50,pre,er_plus_ei,(abs(Delta E_R)+abs(Delta E_I))/V0,6,2828,1.8327706462230823e-06,2525,303,0.03933327792897234,ok
50,pre,er_minus_ei,abs(abs(Delta E_R)-abs(Delta E_I))/V0,6,2828,3.966917207697611e-08,1234,1594,0.001124651156768408,ok
50,pre,er_plus_es,(abs(Delta E_R)+Delta E_S)/V0,6,2828,1.675047223761517e-06,2523,305,0.03308695354997582,ok
50,pre,er_sigma_r,abs(Delta E_R) abs(Delta sigma_R)/V0,6,2828,4.333894854777963e-14,2510,318,2.005251245899535,ok
50,pre,er_sigma_s,abs(Delta E_R) abs(Delta sigma_S)/V0,6,2828,1.379094253543043e-13,2509,319,2.7847928164804685,ok
50,pre,ei_sigma_i,abs(Delta E_I) abs(Delta sigma_I)/V0,6,2828,5.487760159611056e-12,2520,308,0.032977436046625286,ok
50,pre,es_sigma_s,Delta E_S abs(Delta sigma_S)/V0,6,2828,2.8230155454207238e-11,2534,294,0.01990391535566971,ok
50,pre,er_over_sigma_r2,abs(Delta E_R)/(V0 abs(Delta sigma_R)^2),6,2828,12935.45536152739,2371,457,0.012193637659748013,ok
50,pre,es_over_sigma_s2,Delta E_S/(V0 abs(Delta sigma_S)^2),6,2828,1197.0212555631745,1089,1739,0.002401892060692745,ok
50,pre,sigma_r2_over_er,abs(Delta sigma_R)^2/(abs(Delta E_R)/V0),6,2828,7.730690354930978e-05,457,2371,0.012193637659748013,ok
50,pre,sigma_s2_over_es,abs(Delta sigma_S)^2/(Delta E_S/V0),6,2828,0.0008354070534274014,1739,1089,0.002401892060692745,ok
50,post,er,abs(Delta E_R)/V0,6,4139,7.654692645680756e-08,3748,391,0.22330915742344182,ok
50,post,es,Delta E_S/V0,6,4139,2.0374757575910757e-06,3778,361,0.05670290945241252,ok
50,post,ei,abs(Delta E_I)/V0,6,4139,3.039603030310298e-06,3786,353,0.053843118528528855,ok
50,post,sigma_r,abs(Delta sigma_R),6,4139,3.349521409738243e-06,3750,389,0.21529689978893352,ok
50,post,sigma_i,abs(Delta sigma_I),6,4139,4.95041457152327e-06,3751,388,0.12324412770642201,ok
50,post,sigma_s,abs(Delta sigma_S),6,4139,4.094341385796465e-05,3810,329,0.012396577199575098,ok
50,post,er_over_dg,abs(Delta E_R)/(V0 Delta gamma),6,4139,0.0076546926456730995,3748,391,0.22330915742344182,ok
50,post,er_over_dg2,abs(Delta E_R)/(V0 Delta gamma^2),6,4139,765.4692645665444,3748,391,0.22330915742344182,ok
50,post,es_over_dg,Delta E_S/(V0 Delta gamma),6,4139,0.20374757575890382,3778,361,0.056702909452413186,ok
50,post,es_over_dg2,Delta E_S/(V0 Delta gamma^2),6,4139,20374.757575870008,3778,361,0.05670290945241252,ok
50,post,ei_over_dg,abs(Delta E_I)/(V0 Delta gamma),6,4139,0.3039603030307258,3786,353,0.05384311852852902,ok
50,post,ei_over_dg2,abs(Delta E_I)/(V0 Delta gamma^2),6,4139,30396.030303042182,3786,353,0.053843118528528855,ok
50,post,sigma_r_over_dg,abs(Delta sigma_R)/Delta gamma,6,4139,0.33495214097348935,3750,389,0.21529689978893435,ok
50,post,sigma_i_over_dg,abs(Delta sigma_I)/Delta gamma,6,4139,0.49504145715183195,3751,388,0.12324412770642212,ok
50,post,sigma_s_over_dg,abs(Delta sigma_S)/Delta gamma,6,4139,4.09434138579237,3810,329,0.012396577199574432,ok
50,post,er_over_es,abs(Delta E_R)/Delta E_S,6,4139,0.0310145714120384,3684,455,0.01471147889164981,ok
50,post,ei_over_es,abs(Delta E_I)/Delta E_S,6,4139,3.2505538871388575,3642,497,0.0009188749213965286,ok
50,post,sigma_r_over_sigma_s,abs(Delta sigma_R)/abs(Delta sigma_S),6,4139,0.03541178998745322,3317,822,0.0019055415848416857,ok
50,post,sigma_i_over_sigma_s,abs(Delta sigma_I)/abs(Delta sigma_S),6,4139,0.07870819535728835,3274,865,0.053581859685144284,ok
50,post,sigma_r_over_sigma_i,abs(Delta sigma_R)/abs(Delta sigma_I),6,4139,0.18543386656649732,540,3599,0.001922453422489978,ok
50,post,er_over_ei,abs(Delta E_R)/abs(Delta E_I),6,4139,0.07399352396045909,3747,392,2.243706412707507,ok
50,post,er_fraction,abs(Delta E_R)/(abs(Delta E_R)+abs(Delta E_I)),6,4139,0.05244392332767123,3747,392,1.949550436999624,ok
50,post,sigma_r_fraction,abs(Delta sigma_R)/(abs(Delta sigma_R)+abs(Delta sigma_I)),6,4139,0.11505714169060687,366,3773,0.0028418234013649624,ok
50,post,er_plus_ei,(abs(Delta E_R)+abs(Delta E_I))/V0,6,4139,4.010850955988745e-06,3774,365,0.02291886133678389,ok
50,post,er_minus_ei,abs(abs(Delta E_R)-abs(Delta E_I))/V0,6,4139,2.728777597027008e-07,3804,335,0.031971376503012294,ok
50,post,er_plus_es,(abs(Delta E_R)+Delta E_S)/V0,6,4139,2.9698791629441776e-06,3769,370,0.05781510071784801,ok
50,post,er_sigma_r,abs(Delta E_R) abs(Delta sigma_R)/V0,6,4139,4.6658132760353285e-14,3747,392,3.3352053747136985,ok
50,post,er_sigma_s,abs(Delta E_R) abs(Delta sigma_S)/V0,6,4139,1.1705048260805968e-13,3747,392,2.7521928043221227,ok
50,post,ei_sigma_i,abs(Delta E_I) abs(Delta sigma_I)/V0,6,4139,1.293108822463436e-11,3759,380,0.05339358763523805,ok
50,post,es_sigma_s,Delta E_S abs(Delta sigma_S)/V0,6,4139,7.780220028101083e-11,3777,362,0.06552196691682433,ok
50,post,er_over_sigma_r2,abs(Delta E_R)/(V0 abs(Delta sigma_R)^2),6,4139,62210.17903249297,3507,632,0.0024773819704391187,ok
50,post,es_over_sigma_s2,Delta E_S/(V0 abs(Delta sigma_S)^2),6,4139,2202.830544465818,3456,683,0.004092882067276538,ok
50,post,sigma_r2_over_er,abs(Delta sigma_R)^2/(abs(Delta E_R)/V0),6,4139,1.60745398189208e-05,632,3507,0.0024773819704391187,ok
50,post,sigma_s2_over_es,abs(Delta sigma_S)^2/(Delta E_S/V0),6,4139,0.00045396138278194146,683,3456,0.004092882067276538,ok
100,pre,er,abs(Delta E_R)/V0,6,2755,3.575688794939865e-08,1864,891,1.014736562992943,ok
100,pre,es,Delta E_S/V0,6,2755,8.264962907518461e-07,1965,790,0.013145625245303272,ok
100,pre,ei,abs(Delta E_I)/V0,6,2755,8.263080423112758e-07,1965,790,0.011868738076853624,ok
100,pre,sigma_r,abs(Delta sigma_R),6,2755,2.792066181694837e-06,1902,853,0.011943474723929981,ok
100,pre,sigma_i,abs(Delta sigma_I),6,2755,2.4503042341205688e-06,1895,860,0.026629454480124437,ok
100,pre,sigma_s,abs(Delta sigma_S),6,2755,1.5060730498405604e-05,2065,690,0.008896754778351834,ok
100,pre,er_over_dg,abs(Delta E_R)/(V0 Delta gamma),6,2755,0.003575688794936289,1864,891,1.0147365629929432,ok
100,pre,er_over_dg2,abs(Delta E_R)/(V0 Delta gamma^2),6,2755,357.5688794932713,1864,891,1.014736562992943,ok
100,pre,es_over_dg,Delta E_S/(V0 Delta gamma),6,2755,0.08264962907510195,1965,790,0.013145625245302828,ok
100,pre,es_over_dg2,Delta E_S/(V0 Delta gamma^2),6,2755,8264.96290750193,1965,790,0.013145625245302828,ok
100,pre,ei_over_dg,abs(Delta E_I)/(V0 Delta gamma),6,2755,0.08263080423104494,1965,790,0.011868738076853402,ok
100,pre,ei_over_dg2,abs(Delta E_I)/(V0 Delta gamma^2),6,2755,8263.08042309623,1965,790,0.011868738076853624,ok
100,pre,sigma_r_over_dg,abs(Delta sigma_R)/Delta gamma,6,2755,0.2792066181692045,1902,853,0.011943474723929759,ok
100,pre,sigma_i_over_dg,abs(Delta sigma_I)/Delta gamma,6,2755,0.2450304234118118,1895,860,0.026629454480124437,ok
100,pre,sigma_s_over_dg,abs(Delta sigma_S)/Delta gamma,6,2755,1.5060730498390544,2065,690,0.008896754778351335,ok
100,pre,er_over_es,abs(Delta E_R)/Delta E_S,6,2755,0.0774609960129409,1785,970,0.017035104484530494,ok
100,pre,ei_over_es,abs(Delta E_I)/Delta E_S,6,2755,0.414215638056225,75,2680,0.005193522812533935,ok
100,pre,sigma_r_over_sigma_s,abs(Delta sigma_R)/abs(Delta sigma_S),6,2755,0.22094638269369243,1847,908,0.005076041216914184,ok
100,pre,sigma_i_over_sigma_s,abs(Delta sigma_I)/abs(Delta sigma_S),6,2755,0.1713418052608454,1754,1001,0.012072886978935493,ok
100,pre,sigma_r_over_sigma_i,abs(Delta sigma_R)/abs(Delta sigma_I),6,2755,2.8669791883531723,2662,93,0.022818604240519458,ok
100,pre,er_over_ei,abs(Delta E_R)/abs(Delta E_I),6,2755,0.07590504928730062,1763,992,0.009026659136865955,ok
100,pre,er_fraction,abs(Delta E_R)/(abs(Delta E_R)+abs(Delta E_I)),6,2755,0.047141902323484086,1714,1041,0.005812821303477822,ok
100,pre,sigma_r_fraction,abs(Delta sigma_R)/(abs(Delta sigma_R)+abs(Delta sigma_I)),6,2755,0.6127484484085083,2473,282,0.0007164351741117958,ok
100,pre,er_plus_ei,(abs(Delta E_R)+abs(Delta E_I))/V0,6,2755,1.0236258671406021e-06,1904,851,0.0059631420877783725,ok
100,pre,er_minus_ei,abs(abs(Delta E_R)-abs(Delta E_I))/V0,6,2755,1.1017265102242448e-07,1891,864,0.009015407485515325,ok
100,pre,er_plus_es,(abs(Delta E_R)+Delta E_S)/V0,6,2755,1.0402006179333967e-06,1906,849,0.0051639049082936594,ok
100,pre,er_sigma_r,abs(Delta E_R) abs(Delta sigma_R)/V0,6,2755,1.9678335410531183e-13,1866,889,0.4061980672328449,ok
100,pre,er_sigma_s,abs(Delta E_R) abs(Delta sigma_S)/V0,6,2755,7.430794792617203e-13,1869,886,0.15292268719217894,ok
100,pre,ei_sigma_i,abs(Delta E_I) abs(Delta sigma_I)/V0,6,2755,1.498191020389678e-12,1897,858,0.052834899566578386,ok
100,pre,es_sigma_s,Delta E_S abs(Delta sigma_S)/V0,6,2755,1.1156217601178336e-11,1976,779,0.019701622236107497,ok
100,pre,er_over_sigma_r2,abs(Delta E_R)/(V0 abs(Delta sigma_R)^2),6,2755,14323.498344672258,2006,749,0.0032554100331125824,ok
100,pre,es_over_sigma_s2,Delta E_S/(V0 abs(Delta sigma_S)^2),6,2755,14294.51779868436,2338,417,0.004066265355565868,ok
100,pre,sigma_r2_over_er,abs(Delta sigma_R)^2/(abs(Delta E_R)/V0),6,2755,6.981534649822179e-05,749,2006,0.0032554100331125824,ok
100,pre,sigma_s2_over_es,abs(Delta sigma_S)^2/(Delta E_S/V0),6,2755,6.995688935320632e-05,417,2338,0.004066265355565868,ok
100,post,er,abs(Delta E_R)/V0,6,697,3.740446961241221e-05,344,353,0.009057848568238214,ok
100,post,es,Delta E_S/V0,6,697,2.402211531672306e-05,294,403,0.012077299255643936,ok
100,post,ei,abs(Delta E_I)/V0,6,697,2.401987357808983e-05,294,403,0.012175714367928414,ok
100,post,sigma_r,abs(Delta sigma_R),6,697,3.056145629484363e-05,256,441,0.006341347775483008,ok
100,post,sigma_i,abs(Delta sigma_I),6,697,3.0583293121293285e-05,256,441,0.007773954083901913,ok
100,post,sigma_s,abs(Delta sigma_S),6,697,3.733330041731214e-05,286,411,0.006085748359987875,ok
100,post,er_over_dg,abs(Delta E_R)/(V0 Delta gamma),6,697,3.74044696123748,344,353,0.009057848568238547,ok
100,post,er_over_dg2,abs(Delta E_R)/(V0 Delta gamma^2),6,697,374044.696123374,344,353,0.009057848568238214,ok
100,post,es_over_dg,Delta E_S/(V0 Delta gamma),6,697,2.4022115316699035,294,403,0.012077299255643548,ok
100,post,es_over_dg2,Delta E_S/(V0 Delta gamma^2),6,697,240221.15316675013,294,403,0.012077299255643936,ok
100,post,ei_over_dg,abs(Delta E_I)/(V0 Delta gamma),6,697,2.401987357806581,294,403,0.01217571436792858,ok
100,post,ei_over_dg2,abs(Delta E_I)/(V0 Delta gamma^2),6,697,240198.7357804179,294,403,0.012175714367928414,ok
100,post,sigma_r_over_dg,abs(Delta sigma_R)/Delta gamma,6,697,3.0561456294813065,256,441,0.006341347775483286,ok
100,post,sigma_i_over_dg,abs(Delta sigma_I)/Delta gamma,6,697,3.05832931212627,256,441,0.007773954083902024,ok
100,post,sigma_s_over_dg,abs(Delta sigma_S)/Delta gamma,6,697,3.7333300417274806,286,411,0.006085748359988319,ok
100,post,er_over_es,abs(Delta E_R)/Delta E_S,6,697,2.0937868754432385,647,50,0.011599175491118274,ok
100,post,ei_over_es,abs(Delta E_I)/Delta E_S,6,697,1.0057043744206757,683,14,0.0010343360851572756,ok
100,post,sigma_r_over_sigma_s,abs(Delta sigma_R)/abs(Delta sigma_S),6,697,0.3897548478038887,65,632,0.017092921768901093,ok
100,post,sigma_i_over_sigma_s,abs(Delta sigma_I)/abs(Delta sigma_S),6,697,0.4036204769434147,67,630,0.015566816277977236,ok
100,post,sigma_r_over_sigma_i,abs(Delta sigma_R)/abs(Delta sigma_I),6,697,0.9802456093245956,14,683,0.0009355204443311331,ok
100,post,er_over_ei,abs(Delta E_R)/abs(Delta E_I),6,697,2.040711213234551,646,51,0.01323382184790467,ok
100,post,er_fraction,abs(Delta E_R)/(abs(Delta E_R)+abs(Delta E_I)),6,697,0.616055915255402,619,78,0.006416536494446373,ok
100,post,sigma_r_fraction,abs(Delta sigma_R)/(abs(Delta sigma_R)+abs(Delta sigma_I)),6,697,0.49501206445343143,14,683,0.0004724264702483105,ok
100,post,er_plus_ei,(abs(Delta E_R)+abs(Delta E_I))/V0,6,697,6.635766272638594e-05,335,362,0.006168344262495573,ok
100,post,er_minus_ei,abs(abs(Delta E_R)-abs(Delta E_I))/V0,6,697,1.1140327512400959e-06,297,400,0.0002821115796649565,ok
100,post,er_plus_es,(abs(Delta E_R)+Delta E_S)/V0,6,697,6.63620447052882e-05,335,362,0.0061589758104627634,ok
100,post,er_sigma_r,abs(Delta E_R) abs(Delta sigma_R)/V0,6,697,1.5548284355146052e-09,347,350,0.0058158778635597486,ok
100,post,er_sigma_s,abs(Delta E_R) abs(Delta sigma_S)/V0,6,697,1.568294651090382e-09,335,362,0.013594439752981913,ok
100,post,ei_sigma_i,abs(Delta E_I) abs(Delta sigma_I)/V0,6,697,1.0944814444479306e-09,323,374,0.017574560037710185,ok
100,post,es_sigma_s,Delta E_S abs(Delta sigma_S)/V0,6,697,1.1105168625321908e-09,314,383,0.004845840304177784,ok
100,post,er_over_sigma_r2,abs(Delta E_R)/(V0 abs(Delta sigma_R)^2),6,697,70448.11311678363,527,170,0.006728901063445036,ok
100,post,es_over_sigma_s2,Delta E_S/(V0 abs(Delta sigma_S)^2),6,697,38311.215911853535,498,199,0.008636219058881345,ok
100,post,sigma_r2_over_er,abs(Delta sigma_R)^2/(abs(Delta E_R)/V0),6,697,1.4194844343698383e-05,170,527,0.006728901063445036,ok
100,post,sigma_s2_over_es,abs(Delta sigma_S)^2/(Delta E_S/V0),6,697,2.610201676451096e-05,199,498,0.008636219058881345,ok
150,pre,er,abs(Delta E_R)/V0,6,1814,5.578007811251512e-08,425,1389,0.36743700206605645,ok
150,pre,es,Delta E_S/V0,6,1814,9.369205566958071e-07,613,1201,0.005011129069592002,ok
150,pre,ei,abs(Delta E_I)/V0,6,1814,1.1427546157147176e-06,639,1175,0.009819774977382068,ok
150,pre,sigma_r,abs(Delta sigma_R),6,1814,1.3549697154133816e-06,483,1331,0.021023944470336176,ok
150,pre,sigma_i,abs(Delta sigma_I),6,1814,1.5156596093427985e-06,490,1324,0.0068778889822089795,ok
150,pre,sigma_s,abs(Delta sigma_S),6,1814,1.1103983124965794e-05,835,979,0.003208463487071711,ok
150,pre,er_over_dg,abs(Delta E_R)/(V0 Delta gamma),6,1814,0.0055780078112459336,425,1389,0.36743700206605645,ok
150,pre,er_over_dg2,abs(Delta E_R)/(V0 Delta gamma^2),6,1814,557.8007811240356,425,1389,0.36743700206605645,ok
150,pre,es_over_dg,Delta E_S/(V0 Delta gamma),6,1814,0.093692055669487,613,1201,0.005011129069591558,ok
150,pre,es_over_dg2,Delta E_S/(V0 Delta gamma^2),6,1814,9369.20556693933,613,1201,0.005011129069591558,ok
150,pre,ei_over_dg,abs(Delta E_I)/(V0 Delta gamma),6,1814,0.11427546157135748,639,1175,0.009819774977381512,ok
150,pre,ei_over_dg2,abs(Delta E_I)/(V0 Delta gamma^2),6,1814,11427.546157124321,639,1175,0.009819774977382068,ok
150,pre,sigma_r_over_dg,abs(Delta sigma_R)/Delta gamma,6,1814,0.13549697154120266,483,1331,0.02102394447033651,ok
150,pre,sigma_i_over_dg,abs(Delta sigma_I)/Delta gamma,6,1814,0.15156596093412827,490,1324,0.006877888982209535,ok
150,pre,sigma_s_over_dg,abs(Delta sigma_S)/Delta gamma,6,1814,1.1103983124954688,835,979,0.0032084634870714127,ok
150,pre,er_over_es,abs(Delta E_R)/Delta E_S,6,1814,0.10040429147325179,408,1406,0.03625161872918892,ok
150,pre,ei_over_es,abs(Delta E_I)/Delta E_S,6,1814,1.9620484386026085,1776,38,0.008372864692280546,ok
150,pre,sigma_r_over_sigma_s,abs(Delta sigma_R)/abs(Delta sigma_S),6,1814,0.16341558879020798,488,1326,0.001366071779112188,ok
150,pre,sigma_i_over_sigma_s,abs(Delta sigma_I)/abs(Delta sigma_S),6,1814,0.18417910592137188,496,1318,0.01148231951227463,ok
150,pre,sigma_r_over_sigma_i,abs(Delta sigma_R)/abs(Delta sigma_I),6,1814,0.8897321035639447,433,1381,0.02013922776515778,ok
150,pre,er_over_ei,abs(Delta E_R)/abs(Delta E_I),6,1814,0.19765077914298929,423,1391,0.9969883463548315,ok
150,pre,er_fraction,abs(Delta E_R)/(abs(Delta E_R)+abs(Delta E_I)),6,1814,0.15050405164286065,423,1391,0.8131251761099212,ok
150,pre,sigma_r_fraction,abs(Delta sigma_R)/(abs(Delta sigma_R)+abs(Delta sigma_I)),6,1814,0.4707929336062937,433,1381,0.010657160427948675,ok
150,pre,er_plus_ei,(abs(Delta E_R)+abs(Delta E_I))/V0,6,1814,1.2212830426444036e-06,516,1298,0.010845395925923818,ok
150,pre,er_minus_ei,abs(abs(Delta E_R)-abs(Delta E_I))/V0,6,1814,1.1774433365226879e-07,472,1342,0.009629360532468212,ok
150,pre,er_plus_es,(abs(Delta E_R)+Delta E_S)/V0,6,1814,9.795091103203613e-07,493,1321,0.004371922428648922,ok
150,pre,er_sigma_r,abs(Delta E_R) abs(Delta sigma_R)/V0,6,1814,4.605247381213229e-14,426,1388,0.23621226539787799,ok
150,pre,er_sigma_s,abs(Delta E_R) abs(Delta sigma_S)/V0,6,1814,4.1063081765538924e-13,430,1384,0.10455996839099058,ok
150,pre,ei_sigma_i,abs(Delta E_I) abs(Delta sigma_I)/V0,6,1814,1.0581999977064488e-12,495,1319,0.04510238751356077,ok
150,pre,es_sigma_s,Delta E_S abs(Delta sigma_S)/V0,6,1814,8.989524805351374e-12,615,1199,0.022154589119361745,ok
150,pre,er_over_sigma_r2,abs(Delta E_R)/(V0 abs(Delta sigma_R)^2),6,1814,146739.93370055887,1368,446,0.0026897240625007868,ok
150,pre,es_over_sigma_s2,Delta E_S/(V0 abs(Delta sigma_S)^2),6,1814,28107.82790023757,1071,743,0.0025036907550441967,ok
150,pre,sigma_r2_over_er,abs(Delta sigma_R)^2/(abs(Delta E_R)/V0),6,1814,6.814777509990053e-06,446,1368,0.0026897240625007868,ok
150,pre,sigma_s2_over_es,abs(Delta sigma_S)^2/(Delta E_S/V0),6,1814,3.557727774445167e-05,743,1071,0.0025036907550441967,ok
150,post,er,abs(Delta E_R)/V0,6,15608,2.7760885605202026e-08,14280,1328,0.03125012465896848,ok
150,post,es,Delta E_S/V0,6,15608,6.158388366785847e-07,14449,1159,0.025658621594939923,ok
150,post,ei,abs(Delta E_I)/V0,6,15608,7.970754776150138e-06,14859,749,0.001387375743033381,ok
150,post,sigma_r,abs(Delta sigma_R),6,15608,5.6176939631402144e-05,14772,836,0.0015418093414512057,ok
150,post,sigma_i,abs(Delta sigma_I),6,15608,7.250036897413597e-05,14866,742,0.011349710855216522,ok
150,post,sigma_s,abs(Delta sigma_S),6,15608,7.418999733493136e-06,4242,11366,0.00016280646692479195,ok
150,post,er_over_dg,abs(Delta E_R)/(V0 Delta gamma),6,15608,0.002776088560517426,14280,1328,0.03125012465896848,ok
150,post,er_over_dg2,abs(Delta E_R)/(V0 Delta gamma^2),6,15608,277.608856051465,14280,1328,0.031250124658968925,ok
150,post,es_over_dg,Delta E_S/(V0 Delta gamma),6,15608,0.061583883667796886,14449,1159,0.025658621594940145,ok
150,post,es_over_dg2,Delta E_S/(V0 Delta gamma^2),6,15608,6158.38836677353,14449,1159,0.025658621594939923,ok
150,post,ei_over_dg,abs(Delta E_I)/(V0 Delta gamma),6,15608,0.7970754776142167,14859,749,0.001387375743033381,ok
150,post,ei_over_dg2,abs(Delta E_I)/(V0 Delta gamma^2),6,15608,79707.54776134195,14859,749,0.001387375743033381,ok
150,post,sigma_r_over_dg,abs(Delta sigma_R)/Delta gamma,6,15608,5.617693963134596,14772,836,0.0015418093414510947,ok
150,post,sigma_i_over_dg,abs(Delta sigma_I)/Delta gamma,6,15608,7.250036897406346,14866,742,0.0113497108552163,ok
150,post,sigma_s_over_dg,abs(Delta sigma_S)/Delta gamma,6,15608,0.7418999733485716,4242,11366,0.0001628064669253193,ok
150,post,er_over_es,abs(Delta E_R)/Delta E_S,6,15608,0.045768592263689276,13817,1791,0.0015307123746570728,ok
150,post,ei_over_es,abs(Delta E_I)/Delta E_S,6,15608,34.97939984112108,7067,8541,0.0005605809689839258,ok
150,post,sigma_r_over_sigma_s,abs(Delta sigma_R)/abs(Delta sigma_S),6,15608,1.3120185759222016,11719,3889,0.0003231887347562301,ok
150,post,sigma_i_over_sigma_s,abs(Delta sigma_I)/abs(Delta sigma_S),6,15608,1.8336870230953068,11794,3814,0.0006531460003247891,ok
150,post,sigma_r_over_sigma_i,abs(Delta sigma_R)/abs(Delta sigma_I),6,15608,0.8073092497756674,11426,4182,3.75232494870259e-05,ok
150,post,er_over_ei,abs(Delta E_R)/abs(Delta E_I),6,15608,0.009543405846265769,14261,1347,0.1978611786688722,ok
150,post,er_fraction,abs(Delta E_R)/(abs(Delta E_R)+abs(Delta E_I)),6,15608,0.004750039471896679,14260,1348,0.40157546823664303,ok
150,post,sigma_r_fraction,abs(Delta sigma_R)/(abs(Delta sigma_R)+abs(Delta sigma_I)),6,15608,0.43481005128350725,10181,5427,2.9657687602657745e-05,ok
150,post,er_plus_ei,(abs(Delta E_R)+abs(Delta E_I))/V0,6,15608,1.0400585642816674e-05,14784,824,0.00942914318114596,ok
150,post,er_minus_ei,abs(abs(Delta E_R)-abs(Delta E_I))/V0,6,15608,8.627217739420836e-07,4952,10656,3.981177080802922e-05,ok
150,post,er_plus_es,(abs(Delta E_R)+Delta E_S)/V0,6,15608,7.764038080077119e-07,14372,1236,0.010572596666819756,ok
150,post,er_sigma_r,abs(Delta E_R) abs(Delta sigma_R)/V0,6,15608,8.317099360246007e-13,14282,1326,0.08031045874159126,ok
150,post,er_sigma_s,abs(Delta E_R) abs(Delta sigma_S)/V0,6,15608,1.044797941097251e-12,14288,1320,0.08661287034357379,ok
150,post,ei_sigma_i,abs(Delta E_I) abs(Delta sigma_I)/V0,6,15608,4.6380187674627523e-10,14866,742,0.005489803353031064,ok
150,post,es_sigma_s,Delta E_S abs(Delta sigma_S)/V0,6,15608,2.6786760045376604e-11,14498,1110,0.005010013544909597,ok
150,post,er_over_sigma_r2,abs(Delta E_R)/(V0 abs(Delta sigma_R)^2),6,15608,105.37074854204528,14789,819,0.010188029349040839,ok
150,post,es_over_sigma_s2,Delta E_S/(V0 abs(Delta sigma_S)^2),6,15608,567.7293366951801,10838,4770,0.0014871130801235033,ok
150,post,sigma_r2_over_er,abs(Delta sigma_R)^2/(abs(Delta E_R)/V0),6,15608,0.009490299858702986,819,14789,0.010188029349040839,ok
150,post,sigma_s2_over_es,abs(Delta sigma_S)^2/(Delta E_S/V0),6,15608,0.001761402723736488,4770,10838,0.0014871130801235033,ok
200,pre,er,abs(Delta E_R)/V0,6,14471,2.632673647096363e-08,12529,1942,0.08423850845521574,ok
200,pre,es,Delta E_S/V0,6,14471,1.5537340817187885e-06,12935,1536,0.004284609422932739,ok
200,pre,ei,abs(Delta E_I)/V0,6,14471,1.3970164872784478e-07,821,13650,0.028649445847608312,ok
200,pre,sigma_r,abs(Delta sigma_R),6,14471,8.957025089925167e-07,822,13649,0.01474008842400032,ok
200,pre,sigma_i,abs(Delta sigma_I),6,14471,1.3630017221386544e-06,866,13605,0.00461624397625382,ok
200,pre,sigma_s,abs(Delta sigma_S),6,14471,9.01013279364695e-06,1319,13152,0.001531076446842583,ok
200,pre,er_over_dg,abs(Delta E_R)/(V0 Delta gamma),6,14471,0.00263267364709373,12529,1942,0.08423850845521574,ok
200,pre,er_over_dg2,abs(Delta E_R)/(V0 Delta gamma^2),6,14471,263.26736470910976,12529,1942,0.08423850845521574,ok
200,pre,es_over_dg,Delta E_S/(V0 Delta gamma),6,14471,0.15537340817172346,12935,1536,0.004284609422932961,ok
200,pre,es_over_dg2,Delta E_S/(V0 Delta gamma^2),6,14471,15537.340817156808,12935,1536,0.004284609422932739,ok
200,pre,ei_over_dg,abs(Delta E_I)/(V0 Delta gamma),6,14471,0.013970164872770505,821,13650,0.02864944584760787,ok
200,pre,ei_over_dg2,abs(Delta E_I)/(V0 Delta gamma^2),6,14471,1397.0164872756536,821,13650,0.028649445847608312,ok
200,pre,sigma_r_over_dg,abs(Delta sigma_R)/Delta gamma,6,14471,0.0895702508991621,822,13649,0.01474008842400032,ok
200,pre,sigma_i_over_dg,abs(Delta sigma_I)/Delta gamma,6,14471,0.13630017221372911,866,13605,0.004616243976253487,ok
200,pre,sigma_s_over_dg,abs(Delta sigma_S)/Delta gamma,6,14471,0.9010132793637939,1319,13152,0.0015310764468423749,ok
200,pre,er_over_es,abs(Delta E_R)/Delta E_S,6,14471,0.0217434954066093,12228,2243,0.0037729604529124217,ok
200,pre,ei_over_es,abs(Delta E_I)/Delta E_S,6,14471,3.8315465861546234,2639,11832,0.008922750935540402,ok
200,pre,sigma_r_over_sigma_s,abs(Delta sigma_R)/abs(Delta sigma_S),6,14471,0.5502372973789081,13006,1465,0.0009031873317814076,ok
200,pre,sigma_i_over_sigma_s,abs(Delta sigma_I)/abs(Delta sigma_S),6,14471,0.14753578282833257,863,13608,0.0038608102738800776,ok
200,pre,sigma_r_over_sigma_i,abs(Delta sigma_R)/abs(Delta sigma_I),6,14471,0.6156396211508196,11823,2648,0.0017384300972952405,ok
200,pre,er_over_ei,abs(Delta E_R)/abs(Delta E_I),6,14471,0.0034699148411817485,11761,2710,0.19246892655236847,ok
200,pre,er_fraction,abs(Delta E_R)/(abs(Delta E_R)+abs(Delta E_I)),6,14471,0.002405421497234105,11760,2711,0.12337478399830104,ok
200,pre,sigma_r_fraction,abs(Delta sigma_R)/(abs(Delta sigma_R)+abs(Delta sigma_I)),6,14471,0.35720105481907977,11758,2713,0.001782494202611118,ok
200,pre,er_plus_ei,(abs(Delta E_R)+abs(Delta E_I))/V0,6,14471,1.290756473861569e-07,758,13713,0.22981368382864975,ok
200,pre,er_minus_ei,abs(abs(Delta E_R)-abs(Delta E_I))/V0,6,14471,1.1559939143494114e-07,830,13641,0.010884419335257078,ok
200,pre,er_plus_es,(abs(Delta E_R)+Delta E_S)/V0,6,14471,1.932307356318073e-06,12780,1691,0.006950378180188288,ok
200,pre,er_sigma_r,abs(Delta E_R) abs(Delta sigma_R)/V0,6,14471,1.685432065831922e-13,12524,1947,0.2785123506273184,ok
200,pre,er_sigma_s,abs(Delta E_R) abs(Delta sigma_S)/V0,6,14471,5.596060173136215e-13,12560,1911,0.019838620098848736,ok
200,pre,ei_sigma_i,abs(Delta E_I) abs(Delta sigma_I)/V0,6,14471,1.595799922741927e-13,782,13689,0.11613298175315911,ok
200,pre,es_sigma_s,Delta E_S abs(Delta sigma_S)/V0,6,14471,4.0329410360414076e-11,13115,1356,0.005849978565970915,ok
200,pre,er_over_sigma_r2,abs(Delta E_R)/(V0 abs(Delta sigma_R)^2),6,14471,301.4771389321605,11905,2566,0.018092949307907613,ok
200,pre,es_over_sigma_s2,Delta E_S/(V0 abs(Delta sigma_S)^2),6,14471,4828.112075397533,12921,1550,0.007051065046705496,ok
200,pre,sigma_r2_over_er,abs(Delta sigma_R)^2/(abs(Delta E_R)/V0),6,14471,0.0033170010951477937,2566,11905,0.018092949307907613,ok
200,pre,sigma_s2_over_es,abs(Delta sigma_S)^2/(Delta E_S/V0),6,14471,0.00020712029554899322,1550,12921,0.007051065046705496,ok
200,post,er,abs(Delta E_R)/V0,6,32391,1.7218577041303405e-08,30324,2067,0.027416085690012082,ok
200,post,es,Delta E_S/V0,6,32391,7.21673972767103e-07,30817,1574,0.002567863362690659,ok
200,post,ei,abs(Delta E_I)/V0,6,32391,8.8737163111048e-06,31440,951,0.006328154034170197,ok
200,post,sigma_r,abs(Delta sigma_R),6,32391,5.175769187982821e-05,30787,1604,0.0006326622514087887,ok
200,post,sigma_i,abs(Delta sigma_I),6,32391,9.071950210622174e-05,31109,1282,0.0005824087123675881,ok
200,post,sigma_s,abs(Delta sigma_S),6,32391,0.00010588180646280792,31135,1256,0.0013584622577944572,ok
200,post,er_over_dg,abs(Delta E_R)/(V0 Delta gamma),6,32391,0.0017218577041286185,30324,2067,0.027416085690012526,ok
200,post,er_over_dg2,abs(Delta E_R)/(V0 Delta gamma^2),6,32391,172.18577041268966,30324,2067,0.027416085690012082,ok
200,post,es_over_dg,Delta E_S/(V0 Delta gamma),6,32391,0.07216739727663812,30817,1574,0.002567863362690659,ok
200,post,es_over_dg2,Delta E_S/(V0 Delta gamma^2),6,32391,7216.739727656595,30817,1574,0.002567863362691103,ok
200,post,ei_over_dg,abs(Delta E_I)/(V0 Delta gamma),6,32391,0.8873716311095926,31440,951,0.006328154034170669,ok
200,post,ei_over_dg2,abs(Delta E_I)/(V0 Delta gamma^2),6,32391,88737.16311087052,31440,951,0.006328154034170197,ok
200,post,sigma_r_over_dg,abs(Delta sigma_R)/Delta gamma,6,32391,5.175769187977644,30787,1604,0.0006326622514087887,ok
200,post,sigma_i_over_dg,abs(Delta sigma_I)/Delta gamma,6,32391,9.071950210613101,31109,1282,0.0005824087123675881,ok
200,post,sigma_s_over_dg,abs(Delta sigma_S)/Delta gamma,6,32391,10.588180646270203,31135,1256,0.0013584622577944572,ok
200,post,er_over_es,abs(Delta E_R)/Delta E_S,6,32391,0.028787006370090608,29552,2839,0.0025768362915163934,ok
200,post,ei_over_es,abs(Delta E_I)/Delta E_S,6,32391,6.134321633727913,1850,30541,0.0027802591761595385,ok
200,post,sigma_r_over_sigma_s,abs(Delta sigma_R)/abs(Delta sigma_S),6,32391,0.7376110901255611,26856,5535,0.0003736940599946281,ok
200,post,sigma_i_over_sigma_s,abs(Delta sigma_I)/abs(Delta sigma_S),6,32391,1.8739267344129316,29522,2869,0.0003257512912791527,ok
200,post,sigma_r_over_sigma_i,abs(Delta sigma_R)/abs(Delta sigma_I),6,32391,0.7891542944572514,30325,2066,0.0012740384277386135,ok
200,post,er_over_ei,abs(Delta E_R)/abs(Delta E_I),6,32391,0.006024035247427383,30300,2091,0.037262629280317316,ok
200,post,er_fraction,abs(Delta E_R)/(abs(Delta E_R)+abs(Delta E_I)),6,32391,0.004653889235923847,30299,2092,0.18188201681484717,ok
200,post,sigma_r_fraction,abs(Delta sigma_R)/(abs(Delta sigma_R)+abs(Delta sigma_I)),6,32391,0.4155547844771351,30153,2238,0.00017981117204479702,ok
200,post,er_plus_ei,(abs(Delta E_R)+abs(Delta E_I))/V0,6,32391,1.1415667893445453e-05,31323,1068,0.0009067161576297167,ok
200,post,er_minus_ei,abs(abs(Delta E_R)-abs(Delta E_I))/V0,6,32391,1.1897391859700924e-06,11293,21098,1.3883432954386876e-05,ok
200,post,er_plus_es,(abs(Delta E_R)+Delta E_S)/V0,6,32391,9.072984951165375e-07,30690,1701,0.0044134300114944125,ok
200,post,er_sigma_r,abs(Delta E_R) abs(Delta sigma_R)/V0,6,32391,6.680341825140711e-13,30350,2041,0.017334853049513654,ok
200,post,er_sigma_s,abs(Delta E_R) abs(Delta sigma_S)/V0,6,32391,1.157533308289704e-12,30395,1996,0.01846937699433404,ok
200,post,ei_sigma_i,abs(Delta E_I) abs(Delta sigma_I)/V0,6,32391,8.73579611508829e-10,31377,1014,0.004644627384939426,ok
200,post,es_sigma_s,Delta E_S abs(Delta sigma_S)/V0,6,32391,6.716266939577233e-11,30923,1468,0.007761287351092605,ok
200,post,er_over_sigma_r2,abs(Delta E_R)/(V0 abs(Delta sigma_R)^2),6,32391,17.889978311517993,30637,1754,0.0023606679646230866,ok
200,post,es_over_sigma_s2,Delta E_S/(V0 abs(Delta sigma_S)^2),6,32391,1110.914435100029,31050,1341,0.002626129038199032,ok
200,post,sigma_r2_over_er,abs(Delta sigma_R)^2/(abs(Delta E_R)/V0),6,32391,0.05589721701094384,1754,30637,0.0023606679646230866,ok
200,post,sigma_s2_over_es,abs(Delta sigma_S)^2/(Delta E_S/V0),6,32391,0.0009001593357727481,1341,31050,0.002626129038199476,ok
250,pre,er,abs(Delta E_R)/V0,6,9419,2.8262947524037787e-08,6932,2487,0.09950121968979087,ok
250,pre,es,Delta E_S/V0,6,9419,1.5220239822147186e-06,7456,1963,0.001791229727181154,ok
250,pre,ei,abs(Delta E_I)/V0,6,9419,5.977751918053459e-06,7842,1577,0.003078498075099745,ok
250,pre,sigma_r,abs(Delta sigma_R),6,9419,5.550569591211694e-07,557,8862,0.008039325187215951,ok
250,pre,sigma_i,abs(Delta sigma_I),6,9419,6.781423377211683e-07,581,8838,0.006591314223332034,ok
250,pre,sigma_s,abs(Delta sigma_S),6,9419,9.105605477575338e-06,1373,8046,0.0007499496789860061,ok
250,pre,er_over_dg,abs(Delta E_R)/(V0 Delta gamma),6,9419,0.0028262947524009523,6932,2487,0.09950121968979042,ok
250,pre,er_over_dg2,abs(Delta E_R)/(V0 Delta gamma^2),6,9419,282.62947523981256,6932,2487,0.09950121968979042,ok
250,pre,es_over_dg,Delta E_S/(V0 Delta gamma),6,9419,0.15220239822131962,7456,1963,0.0017912297271807098,ok
250,pre,es_over_dg2,Delta E_S/(V0 Delta gamma^2),6,9419,15220.239822116742,7456,1963,0.001791229727181154,ok
250,pre,ei_over_dg,abs(Delta E_I)/(V0 Delta gamma),6,9419,0.5977751918047481,7842,1577,0.0030784980750994395,ok
250,pre,ei_over_dg2,abs(Delta E_I)/(V0 Delta gamma^2),6,9419,59777.51918041502,7842,1577,0.003078498075099745,ok
250,pre,sigma_r_over_dg,abs(Delta sigma_R)/Delta gamma,6,9419,0.05550569591206143,557,8862,0.008039325187215951,ok
250,pre,sigma_i_over_dg,abs(Delta sigma_I)/Delta gamma,6,9419,0.06781423377204901,581,8838,0.006591314223332034,ok
250,pre,sigma_s_over_dg,abs(Delta sigma_S)/Delta gamma,6,9419,0.9105605477566231,1373,8046,0.0007499496789859436,ok
250,pre,er_over_es,abs(Delta E_R)/Delta E_S,6,9419,0.02514415435796933,6819,2600,0.011154790391843639,ok
250,pre,ei_over_es,abs(Delta E_I)/Delta E_S,6,9419,3.5830724065168433,2930,6489,0.016845795879705694,ok
250,pre,sigma_r_over_sigma_s,abs(Delta sigma_R)/abs(Delta sigma_S),6,9419,0.5348525615588348,7744,1675,0.001531871981794941,ok
250,pre,sigma_i_over_sigma_s,abs(Delta sigma_I)/abs(Delta sigma_S),6,9419,0.07360936608871918,571,8848,0.004848283033358269,ok
250,pre,sigma_r_over_sigma_i,abs(Delta sigma_R)/abs(Delta sigma_I),6,9419,0.6141919886153391,6484,2935,0.006616370911122993,ok
250,pre,er_over_ei,abs(Delta E_R)/abs(Delta E_I),6,9419,0.006010613924024918,6650,2769,0.0026078879302384728,ok
250,pre,er_fraction,abs(Delta E_R)/(abs(Delta E_R)+abs(Delta E_I)),6,9419,0.0036575208216796714,6552,2867,0.0017559888245317623,ok
250,pre,sigma_r_fraction,abs(Delta sigma_R)/(abs(Delta sigma_R)+abs(Delta sigma_I)),6,9419,0.35961107421948196,6472,2947,0.006832328161151424,ok
250,pre,er_plus_ei,(abs(Delta E_R)+abs(Delta E_I))/V0,6,9419,8.320164491647213e-06,7711,1708,0.0018707053193791623,ok
250,pre,er_minus_ei,abs(abs(Delta E_R)-abs(Delta E_I))/V0,6,9419,1.49304196123641e-07,631,8788,0.008224160697601235,ok
250,pre,er_plus_es,(abs(Delta E_R)+Delta E_S)/V0,6,9419,1.9885890523537023e-06,7292,2127,0.0027912948856663178,ok
250,pre,er_sigma_r,abs(Delta E_R) abs(Delta sigma_R)/V0,6,9419,1.6652554704301604e-13,6945,2474,0.046280850038085575,ok
250,pre,er_sigma_s,abs(Delta E_R) abs(Delta sigma_S)/V0,6,9419,4.3095303515998393e-13,6957,2462,0.0033371506511237214,ok
250,pre,ei_sigma_i,abs(Delta E_I) abs(Delta sigma_I)/V0,6,9419,1.2542995787363077e-13,542,8877,0.04690341271852816,ok
250,pre,es_sigma_s,Delta E_S abs(Delta sigma_S)/V0,6,9419,3.298628659698123e-11,7736,1683,0.0025786809111103537,ok
250,pre,er_over_sigma_r2,abs(Delta E_R)/(V0 abs(Delta sigma_R)^2),6,9419,579.8441438661378,6566,2853,0.09265455987678939,ok
250,pre,es_over_sigma_s2,Delta E_S/(V0 abs(Delta sigma_S)^2),6,9419,6082.87040263357,7375,2044,0.0030145676264603516,ok
250,pre,sigma_r2_over_er,abs(Delta sigma_R)^2/(abs(Delta E_R)/V0),6,9419,0.0017246013615528708,2853,6566,0.09265455987678894,ok
250,pre,sigma_s2_over_es,abs(Delta sigma_S)^2/(Delta E_S/V0),6,9419,0.0001643960718885366,2044,7375,0.0030145676264603516,ok
250,post,er,abs(Delta E_R)/V0,6,19229,1.587122408595626e-08,16666,2563,0.0603052853357271,ok
250,post,es,Delta E_S/V0,6,19229,7.614091902030518e-07,17370,1859,0.0033536300428851362,ok
250,post,ei,abs(Delta E_I)/V0,6,19229,7.448138274052378e-06,18140,1089,0.001405219487348397,ok
250,post,sigma_r,abs(Delta sigma_R),6,19229,5.322720595518462e-05,17366,1863,0.0003808015208690563,ok
250,post,sigma_i,abs(Delta sigma_I),6,19229,8.872912827578422e-05,17773,1456,0.0013087692827857822,ok
250,post,sigma_s,abs(Delta sigma_S),6,19229,0.00013547432968372822,17941,1288,0.005393409285392892,ok
250,post,er_over_dg,abs(Delta E_R)/(V0 Delta gamma),6,19229,0.0015871224085940387,16666,2563,0.06030528533572754,ok
250,post,er_over_dg2,abs(Delta E_R)/(V0 Delta gamma^2),6,19229,158.71224085924516,16666,2563,0.06030528533572754,ok
250,post,es_over_dg,Delta E_S/(V0 Delta gamma),6,19229,0.07614091902022903,17370,1859,0.0033536300428851362,ok
250,post,es_over_dg2,Delta E_S/(V0 Delta gamma^2),6,19229,7614.091902015289,17370,1859,0.0033536300428851362,ok
250,post,ei_over_dg,abs(Delta E_I)/(V0 Delta gamma),6,19229,0.7448138274044929,18140,1089,0.0014052194873478696,ok
250,post,ei_over_dg2,abs(Delta E_I)/(V0 Delta gamma^2),6,19229,74481.3827403748,18140,1089,0.0014052194873475088,ok
250,post,sigma_r_over_dg,abs(Delta sigma_R)/Delta gamma,6,19229,5.322720595513139,17366,1863,0.00038080152086894525,ok
250,post,sigma_i_over_dg,abs(Delta sigma_I)/Delta gamma,6,19229,8.872912827569548,17773,1456,0.0013087692827861153,ok
250,post,sigma_s_over_dg,abs(Delta sigma_S)/Delta gamma,6,19229,13.547432968359274,17941,1288,0.005393409285392892,ok
250,post,er_over_es,abs(Delta E_R)/Delta E_S,6,19229,0.03269052729118635,16164,3065,0.0034123106446286577,ok
250,post,ei_over_es,abs(Delta E_I)/Delta E_S,6,19229,4.8691394236068275,2258,16971,0.007394516196618239,ok
250,post,sigma_r_over_sigma_s,abs(Delta sigma_R)/abs(Delta sigma_S),6,19229,0.6051992842185923,16817,2412,0.00048356472589150545,ok
250,post,sigma_i_over_sigma_s,abs(Delta sigma_I)/abs(Delta sigma_S),6,19229,0.7420424052095455,16339,2890,0.00010835916183449257,ok
250,post,sigma_r_over_sigma_i,abs(Delta sigma_R)/abs(Delta sigma_I),6,19229,0.8527692968017253,16825,2404,0.0004341456760287854,ok
250,post,er_over_ei,abs(Delta E_R)/abs(Delta E_I),6,19229,0.006832729340776317,16646,2583,0.05337158202381653,ok
250,post,er_fraction,abs(Delta E_R)/(abs(Delta E_R)+abs(Delta E_I)),6,19229,0.004615407016978571,16641,2588,0.08984707714986895,ok
250,post,sigma_r_fraction,abs(Delta sigma_R)/(abs(Delta sigma_R)+abs(Delta sigma_I)),6,19229,0.438551977786962,16749,2480,2.8892007039482692e-05,ok
250,post,er_plus_ei,(abs(Delta E_R)+abs(Delta E_I))/V0,6,19229,9.376941988659662e-06,17960,1269,0.0011003756140146592,ok
250,post,er_minus_ei,abs(abs(Delta E_R)-abs(Delta E_I))/V0,6,19229,5.889230418327578e-07,385,18844,0.0005428662306004028,ok
250,post,er_plus_es,(abs(Delta E_R)+Delta E_S)/V0,6,19229,9.188063468200685e-07,17149,2080,0.0017686245151873337,ok
250,post,er_sigma_r,abs(Delta E_R) abs(Delta sigma_R)/V0,6,19229,6.263575873713609e-13,16715,2514,0.015426818753880411,ok
250,post,er_sigma_s,abs(Delta E_R) abs(Delta sigma_S)/V0,6,19229,1.2932691698947765e-12,16795,2434,0.02472377298581918,ok
250,post,ei_sigma_i,abs(Delta E_I) abs(Delta sigma_I)/V0,6,19229,6.905226354208707e-10,18041,1188,0.004380649544724946,ok
250,post,es_sigma_s,Delta E_S abs(Delta sigma_S)/V0,6,19229,9.288585113822991e-11,17586,1643,0.008664442902007963,ok
250,post,er_over_sigma_r2,abs(Delta E_R)/(V0 abs(Delta sigma_R)^2),6,19229,16.74068346163198,16903,2326,0.0008955565567516643,ok
250,post,es_over_sigma_s2,Delta E_S/(V0 abs(Delta sigma_S)^2),6,19229,36.407717639145,4625,14604,0.00046632950790326255,ok
250,post,sigma_r2_over_er,abs(Delta sigma_R)^2/(abs(Delta E_R)/V0),6,19229,0.059734717659043174,2326,16903,0.0008955565567516643,ok
250,post,sigma_s2_over_es,abs(Delta sigma_S)^2/(Delta E_S/V0),6,19229,0.027466703898099232,14604,4625,0.0004663295079034846,ok
